id,order_time,count,bus_id,actual_pay,actual_gain,status,pickup_node,dropoff_node
1,2023-12-18 06:32,1,B03260D,1.4,0.2799999999999998,0,11,1
2,2023-12-18 07:01,1,B03260D,1.4,1.4,1,52,1
3,2023-12-18 07:09,1,B03260D,3.0,3.0,1,11,1
4,2023-12-18 07:16,1,B03260D,3.0,3.0,1,36,45
5,2023-12-18 07:22,1,B07821D,3.0,3.0,1,11,1
6,2023-12-18 07:24,1,B07821D,3.0,0.0,0,8,1
7,2023-12-18 07:25,1,B06252D,3.0,3.0,1,1,7
8,2023-12-18 07:26,1,B07821D,3.0,3.0,1,16,1
9,2023-12-18 07:26,1,B07821D,3.0,3.0,1,52,1
10,2023-12-18 07:29,1,B03260D,3.0,3.0,1,11,1
11,2023-12-18 07:33,1,B06527D,3.0,3.0,1,63,42
12,2023-12-18 07:35,1,B03635D,3.0,3.0,1,36,3
13,2023-12-18 07:40,1,B01526D,3.0,0.0,0,52,28
14,2023-12-18 07:41,2,B06252D,6.0,6.0,1,52,28
15,2023-12-18 07:42,1,B01526D,3.0,3.0,1,11,1
16,2023-12-18 07:42,1,B03260D,3.0,3.0,1,60,3
17,2023-12-18 07:46,1,B07821D,3.0,3.0,1,3,1
18,2023-12-18 07:46,1,B03260D,3.0,3.0,1,29,3
19,2023-12-18 07:47,1,B06252D,3.0,3.0,1,52,58
20,2023-12-18 07:47,1,B01526D,3.0,0.0,0,8,1
21,2023-12-18 07:49,1,B03635D,3.0,0.0,0,21,42
22,2023-12-18 07:49,1,B03635D,3.0,3.0,1,4,18
23,2023-12-18 07:50,1,B07821D,3.0,3.0,1,3,42
24,2023-12-18 07:50,1,B06252D,3.0,0.0,0,8,1
25,2023-12-18 07:52,1,B01526D,3.0,3.0,1,16,12
26,2023-12-18 07:53,1,B06527D,3.0,3.0,1,21,31
27,2023-12-18 07:54,1,B07821D,3.0,0.0,0,20,47
28,2023-12-18 07:55,1,B03260D,3.0,3.0,1,15,54
29,2023-12-18 07:55,1,B07821D,3.0,0.0,0,28,15
30,2023-12-18 07:56,1,B03635D,3.0,0.0,0,53,1
31,2023-12-18 07:57,1,B07821D,1.3,1.3,1,20,45
32,2023-12-18 07:59,1,B03635D,3.0,0.6000000000000001,0,3,1
33,2023-12-18 07:59,1,B01526D,1.5,1.5,1,20,54
34,2023-12-18 08:00,1,B07821D,3.0,0.0,0,20,47
35,2023-12-18 08:01,1,B06527D,0.5,0.09999999999999998,0,14,43
36,2023-12-18 08:02,1,B03635D,3.0,3.0,1,21,47
37,2023-12-18 08:03,1,B03635D,3.0,0.0,0,65,40
38,2023-12-18 08:03,1,B07821D,3.0,0.6000000000000001,0,29,2
39,2023-12-18 08:04,1,B03260D,3.0,0.0,0,3,1
40,2023-12-18 08:04,1,B06527D,3.0,0.0,0,20,54
41,2023-12-18 08:06,1,B06527D,3.0,0.0,0,11,1
42,2023-12-18 08:06,2,B06527D,2.0,0.3999999999999999,0,19,40
43,2023-12-18 08:06,1,B06527D,1.5,0.30000000000000004,0,19,6
44,2023-12-18 08:07,1,B01526D,3.0,3.0,1,65,1
45,2023-12-18 08:08,1,B06252D,3.0,3.0,1,62,45
46,2023-12-18 08:08,1,B07821D,3.0,3.0,1,11,6
47,2023-12-18 08:09,1,B03260D,3.0,0.6000000000000001,0,20,11
48,2023-12-18 08:09,1,B03635D,1.6,0.0,0,40,45
49,2023-12-18 08:10,1,B03260D,3.0,3.0,1,3,46
50,2023-12-18 08:11,1,B07821D,3.0,0.0,0,21,43
51,2023-12-18 08:12,1,B03635D,3.0,0.0,0,1,6
52,2023-12-18 08:13,1,B06527D,3.0,0.6000000000000001,0,38,16
53,2023-12-18 08:15,1,B06527D,3.0,0.0,0,19,1
54,2023-12-18 08:19,1,B03260D,1.1,1.1,1,3,54
55,2023-12-18 08:19,1,B06527D,3.0,0.0,0,13,2
56,2023-12-18 08:21,1,B06252D,3.0,3.0,1,15,47
57,2023-12-18 08:21,1,B06527D,3.0,3.0,1,38,16
58,2023-12-18 08:21,1,B03260D,3.0,3.0,1,1,52
59,2023-12-18 08:21,1,B06252D,3.0,3.0,1,33,45
60,2023-12-18 08:23,1,B07821D,1.7,0.0,0,3,5
61,2023-12-18 08:24,1,B03635D,1.3,0.0,0,63,42
62,2023-12-18 08:24,1,B07821D,3.0,0.6000000000000001,0,1,42
63,2023-12-18 08:25,1,B03635D,3.0,3.0,1,21,12
64,2023-12-18 08:26,1,B07821D,3.0,0.0,0,14,40
65,2023-12-18 08:27,1,B07821D,3.0,3.0,1,1,44
66,2023-12-18 08:29,1,B06527D,1.8,1.8,1,20,44
67,2023-12-18 08:29,1,B03635D,3.0,3.0,1,21,12
68,2023-12-18 08:29,1,B06527D,3.0,0.6000000000000001,0,61,6
69,2023-12-18 08:30,1,B07821D,3.0,0.0,0,11,40
70,2023-12-18 08:30,1,B06252D,3.0,0.6000000000000001,0,47,17
71,2023-12-18 08:30,1,B07821D,3.0,3.0,1,20,45
72,2023-12-18 08:31,1,B07821D,3.0,3.0,1,20,45
73,2023-12-18 08:32,1,B06527D,0.1,0.1,1,20,54
74,2023-12-18 08:33,1,B06527D,3.0,0.6000000000000001,0,60,43
75,2023-12-18 08:34,1,B01526D,3.0,0.0,0,20,7
76,2023-12-18 08:34,1,B03260D,3.0,0.0,0,30,55
77,2023-12-18 08:34,1,B07821D,3.0,3.0,1,52,1
78,2023-12-18 08:34,1,B01526D,0.4,0.0,0,19,17
79,2023-12-18 08:35,1,B06252D,3.0,0.0,0,47,17
80,2023-12-18 08:35,1,B01526D,3.0,3.0,1,20,7
81,2023-12-18 08:35,1,B01526D,1.1,1.1,1,19,17
82,2023-12-18 08:36,1,B07821D,3.0,3.0,1,11,28
83,2023-12-18 08:36,1,B01526D,1.4,1.4,1,19,17
84,2023-12-18 08:37,1,B07821D,1.2,1.2,1,11,27
85,2023-12-18 08:38,1,B06252D,3.0,0.0,0,63,3
86,2023-12-18 08:41,1,B03260D,3.0,3.0,1,63,3
87,2023-12-18 08:41,1,B06527D,3.0,3.0,1,23,6
88,2023-12-18 08:42,1,B01526D,0.7,0.7,1,2,6
89,2023-12-18 08:44,1,B06527D,3.0,3.0,1,3,45
90,2023-12-18 08:44,1,B01526D,0.2,0.2,1,20,42
91,2023-12-18 08:46,1,B01526D,1.9,1.9,1,19,17
92,2023-12-18 08:46,1,B06527D,0.8,0.0,0,52,17
93,2023-12-18 08:47,1,B01526D,3.0,0.6000000000000001,0,20,42
94,2023-12-18 08:50,1,B01526D,3.0,0.0,0,20,46
95,2023-12-18 08:50,1,B06252D,1.1,0.22000000000000008,0,1,17
96,2023-12-18 08:50,1,B03635D,3.0,0.0,0,3,1
97,2023-12-18 08:52,1,B01526D,3.0,3.0,1,34,42
98,2023-12-18 08:53,1,B06527D,3.0,0.0,0,1,17
99,2023-12-18 08:53,1,B06252D,3.0,0.6000000000000001,0,20,55
100,2023-12-18 08:54,1,B06527D,1.7,0.0,0,1,17
101,2023-12-18 08:57,1,B06252D,3.0,3.0,1,1,55
102,2023-12-18 08:59,1,B06252D,3.0,3.0,1,29,15
103,2023-12-18 09:02,1,B06527D,1.1,0.0,0,1,47
104,2023-12-18 09:03,1,B03260D,3.0,3.0,1,63,34
105,2023-12-18 09:03,1,B03260D,3.0,3.0,1,32,3
106,2023-12-18 09:11,1,B01526D,3.0,3.0,1,42,30
107,2023-12-18 09:12,2,B01526D,4.5,4.5,1,30,48
108,2023-12-18 09:14,1,B03635D,3.0,3.0,1,16,1
109,2023-12-18 09:16,1,B07821D,3.0,3.0,1,59,3
110,2023-12-18 09:17,1,B03635D,3.0,3.0,1,20,6
111,2023-12-18 09:20,1,B03635D,3.0,3.0,1,8,1
112,2023-12-18 09:22,1,B06527D,3.0,3.0,1,23,15
113,2023-12-18 09:22,1,B03260D,3.0,3.0,1,11,3
114,2023-12-18 09:33,1,B07821D,3.0,3.0,1,30,42
115,2023-12-18 09:34,1,B06252D,3.0,3.0,1,20,42
116,2023-12-18 09:47,1,B03260D,3.0,3.0,1,52,32
117,2023-12-18 09:47,1,B07821D,3.0,3.0,1,12,21
118,2023-12-18 09:47,1,B03260D,3.0,3.0,1,3,32
119,2023-12-18 09:47,1,B03635D,0.6,0.6,1,4,17
120,2023-12-18 09:49,1,B07821D,3.0,3.0,1,12,21
121,2023-12-18 09:57,1,B03635D,3.0,3.0,1,1,16
122,2023-12-18 10:04,1,B03260D,3.0,3.0,1,36,3
123,2023-12-18 10:15,4,B03635D,9.0,9.0,1,19,18
124,2023-12-18 10:28,1,B06252D,3.0,3.0,1,6,27
125,2023-12-18 10:30,1,B03635D,3.0,3.0,1,35,6
126,2023-12-18 10:32,2,B01526D,3.8,3.8,1,6,3
127,2023-12-18 10:46,1,B03260D,3.0,3.0,1,15,23
128,2023-12-18 10:50,2,B01526D,4.5,4.5,1,48,28
129,2023-12-18 10:53,1,B03635D,3.0,3.0,1,1,52
130,2023-12-18 10:57,1,B03260D,1.3,1.3,1,17,25
131,2023-12-18 10:57,1,B03260D,3.0,3.0,1,24,48
132,2023-12-18 10:59,1,B03635D,3.0,3.0,1,3,12
133,2023-12-18 11:07,1,B01526D,3.0,3.0,1,62,16
134,2023-12-18 11:21,2,B07821D,4.5,4.5,1,27,48
135,2023-12-18 11:21,1,B03635D,3.0,3.0,1,52,1
136,2023-12-18 11:23,1,B03635D,3.0,3.0,1,11,3
137,2023-12-18 11:24,1,B01526D,3.0,3.0,1,1,11
138,2023-12-18 11:28,1,B01526D,3.0,3.0,1,35,36
139,2023-12-18 11:34,1,B01526D,0.1,0.1,1,17,38
140,2023-12-18 11:35,1,B01526D,3.0,3.0,1,17,52
141,2023-12-18 11:35,1,B01526D,1.1,1.1,1,17,11
142,2023-12-18 11:37,1,B03635D,3.0,3.0,1,27,19
143,2023-12-18 11:38,1,B06252D,3.0,3.0,1,3,36
144,2023-12-18 11:39,1,B07821D,3.0,0.0,0,1,42
145,2023-12-18 11:39,1,B06252D,3.0,3.0,1,42,34
146,2023-12-18 11:46,4,B07821D,9.0,9.0,1,3,4
147,2023-12-18 11:53,1,B03635D,3.0,3.0,1,1,23
148,2023-12-18 11:59,1,B03635D,3.0,3.0,1,65,42
149,2023-12-18 12:05,1,B03260D,3.0,0.0,0,20,6
150,2023-12-18 12:06,1,B03260D,3.0,3.0,1,4,12
151,2023-12-18 12:07,1,B03260D,3.0,0.0,0,20,6
152,2023-12-18 12:09,1,B06252D,3.0,3.0,1,13,3
153,2023-12-18 12:13,1,B07821D,3.0,3.0,1,27,8
154,2023-12-18 12:16,1,B06252D,3.0,3.0,1,54,36
155,2023-12-18 12:18,1,B07821D,3.0,3.0,1,20,6
156,2023-12-18 12:20,1,B03635D,3.0,3.0,1,59,3
157,2023-12-18 12:22,2,B06252D,4.1,4.1,1,3,6
158,2023-12-18 12:33,1,B03260D,3.0,3.0,1,11,1
159,2023-12-18 12:37,1,B03635D,3.0,3.0,1,1,7
160,2023-12-18 12:45,1,B01526D,3.0,3.0,1,11,1
161,2023-12-18 12:46,1,B03260D,0.1,0.1,1,38,17
162,2023-12-18 12:48,1,B03635D,3.0,3.0,1,40,3
163,2023-12-18 12:55,1,B03635D,3.0,0.0,0,52,17
164,2023-12-18 12:55,1,B03260D,1.6,1.6,0,11,17
165,2023-12-18 13:00,1,B03635D,3.0,3.0,1,52,17
166,2023-12-18 13:06,1,B03260D,3.0,3.0,1,19,6
167,2023-12-18 13:08,1,B01526D,3.0,3.0,1,23,43
168,2023-12-18 13:10,1,B03635D,3.0,3.0,1,11,17
169,2023-12-18 13:20,1,B03635D,3.0,3.0,1,11,1
170,2023-12-18 13:21,1,B03260D,3.0,3.0,1,3,17
171,2023-12-18 13:23,1,B03260D,1.6,1.6,1,3,30
172,2023-12-18 13:24,1,B03635D,3.0,0.0,0,3,42
173,2023-12-18 13:28,1,B03260D,3.0,0.0,0,48,3
174,2023-12-18 13:30,1,B06527D,3.0,3.0,1,48,3
175,2023-12-18 13:32,1,B06527D,0.0,0.0,0,25,16
176,2023-12-18 13:32,1,B03260D,3.0,0.6000000000000001,0,3,42
177,2023-12-18 13:32,1,B06527D,3.0,3.0,1,27,59
178,2023-12-18 13:35,1,B06527D,0.1,0.1,1,16,3
179,2023-12-18 13:37,1,B06527D,3.0,3.0,1,1,35
180,2023-12-18 13:39,1,B03260D,3.0,0.6000000000000001,0,3,1
181,2023-12-18 13:39,1,B03260D,1.6,0.0,0,25,16
182,2023-12-18 13:43,1,B03260D,3.0,3.0,1,17,1
183,2023-12-18 13:44,1,B03260D,3.0,3.0,1,34,42
184,2023-12-18 13:47,1,B07821D,3.0,3.0,1,36,3
185,2023-12-18 13:55,1,B07821D,3.0,3.0,1,2,42
186,2023-12-18 13:59,1,B06527D,3.0,3.0,1,30,28
187,2023-12-18 14:01,1,B07821D,3.0,0.0,0,3,65
188,2023-12-18 14:02,1,B07821D,3.0,3.0,1,40,16
189,2023-12-18 14:03,1,B07821D,3.0,3.0,1,16,28
190,2023-12-18 14:04,1,B06527D,3.0,0.0,0,43,26
191,2023-12-18 14:15,1,B07821D,3.0,3.0,1,52,1
192,2023-12-18 14:20,1,B06527D,3.0,3.0,1,63,42
193,2023-12-18 14:20,2,B06252D,3.1,3.1,1,3,1
194,2023-12-18 14:33,1,B06252D,3.0,3.0,1,1,11
195,2023-12-18 14:35,1,B06252D,3.0,3.0,1,19,28
196,2023-12-18 14:37,1,B07821D,3.0,3.0,1,64,36
197,2023-12-18 14:43,2,B01526D,6.0,0.0,0,18,52
198,2023-12-18 14:50,1,B07821D,3.0,3.0,1,44,1
199,2023-12-18 14:50,1,B01526D,3.0,3.0,1,1,3
200,2023-12-18 14:51,1,B06252D,3.0,3.0,1,16,64
201,2023-12-18 14:52,1,B01526D,1.9,1.9,1,1,18
202,2023-12-18 14:57,1,B06527D,3.0,3.0,1,19,3
203,2023-12-18 14:58,1,B07821D,3.0,3.0,1,12,3
204,2023-12-18 14:59,2,B06252D,6.0,0.0,0,27,15
205,2023-12-18 15:00,1,B01526D,3.0,3.0,1,16,1
206,2023-12-18 15:06,1,B06527D,3.0,3.0,1,1,65
207,2023-12-18 15:13,1,B01526D,3.0,3.0,1,34,63
208,2023-12-18 15:28,1,B06527D,3.0,3.0,1,32,19
209,2023-12-18 15:29,1,B01526D,3.0,0.0,0,9,1
210,2023-12-18 15:31,1,B07821D,3.0,3.0,1,17,1
211,2023-12-18 15:35,1,B07821D,0.6,0.12,0,45,33
212,2023-12-18 15:35,1,B01526D,3.0,3.0,1,27,19
213,2023-12-18 15:35,1,B07821D,1.4,1.4,1,17,1
214,2023-12-18 15:35,1,B07821D,3.0,0.0,0,9,1
215,2023-12-18 15:37,1,B03260D,3.0,3.0,1,1,18
216,2023-12-18 15:41,1,B06527D,3.0,3.0,1,1,6
217,2023-12-18 15:42,1,B06527D,3.0,3.0,1,6,1
218,2023-12-18 15:46,1,B01526D,1.5,1.5,1,17,4
219,2023-12-18 15:47,1,B06527D,3.0,3.0,1,6,1
220,2023-12-18 15:49,1,B07821D,3.0,3.0,1,3,1
221,2023-12-18 15:51,1,B01526D,3.0,3.0,1,40,15
222,2023-12-18 15:52,1,B06527D,1.7,0.33999999999999986,0,63,64
223,2023-12-18 15:55,1,B07821D,0.0,0.0,1,3,17
224,2023-12-18 15:55,1,B07821D,3.0,3.0,1,3,1
225,2023-12-18 16:04,1,B06252D,3.0,3.0,1,48,40
226,2023-12-18 16:04,1,B01575D,3.0,3.0,1,59,27
227,2023-12-18 16:06,1,B06527D,3.0,3.0,1,40,25
228,2023-12-18 16:06,1,B03260D,3.0,3.0,1,17,1
229,2023-12-18 16:06,1,B03260D,1.3,1.3,1,7,28
230,2023-12-18 16:07,1,B06527D,3.0,3.0,1,40,28
231,2023-12-18 16:10,1,B06252D,3.0,3.0,1,42,63
232,2023-12-18 16:11,1,B07821D,3.0,3.0,1,21,14
233,2023-12-18 16:12,1,B01526D,3.0,3.0,1,3,56
234,2023-12-18 16:14,1,B01575D,3.0,3.0,1,27,30
235,2023-12-18 16:14,1,B03260D,3.0,0.0,0,63,29
236,2023-12-18 16:15,1,B07821D,3.0,3.0,1,3,38
237,2023-12-18 16:18,1,B07821D,0.1,0.1,1,3,15
238,2023-12-18 16:18,2,B01575D,3.1,3.1,1,1,3
239,2023-12-18 16:21,1,B01526D,3.0,3.0,1,1,3
240,2023-12-18 16:22,1,B01575D,3.0,3.0,1,17,47
241,2023-12-18 16:24,1,B01575D,3.0,3.0,1,38,3
242,2023-12-18 16:24,1,B01526D,3.0,0.6000000000000001,0,17,19
243,2023-12-18 16:24,1,B01526D,0.7,0.0,0,17,19
244,2023-12-18 16:25,1,B01575D,3.0,3.0,1,45,36
245,2023-12-18 16:25,1,0,1.4,0.0,0,12,3
246,2023-12-18 16:25,1,B06252D,3.0,0.0,0,1,56
247,2023-12-18 16:25,1,B06527D,0.5,0.5,1,17,1
248,2023-12-18 16:27,1,B03635D,3.0,3.0,1,1,56
249,2023-12-18 16:29,1,B03260D,3.0,3.0,1,26,1
250,2023-12-18 16:29,1,B03260D,1.1,1.1,1,26,42
251,2023-12-18 16:30,1,B03635D,3.0,0.0,0,45,1
252,2023-12-18 16:30,1,B03635D,3.0,3.0,1,47,36
253,2023-12-18 16:31,1,B01575D,3.0,0.6000000000000001,0,42,48
254,2023-12-18 16:31,1,B03635D,3.0,0.6000000000000001,0,45,1
255,2023-12-18 16:31,1,B01526D,0.4,0.08000000000000002,0,17,19
256,2023-12-18 16:32,1,B06252D,3.0,3.0,1,27,15
257,2023-12-18 16:32,1,B01526D,3.0,3.0,0,17,40
258,2023-12-18 16:33,1,B06252D,0.6,0.0,0,16,3
259,2023-12-18 16:33,1,B07821D,0.3,0.06,0,45,54
260,2023-12-18 16:33,1,B06252D,0.7,0.0,0,16,3
261,2023-12-18 16:34,1,B07821D,3.0,0.0,0,1,65
262,2023-12-18 16:34,1,B03260D,3.0,0.0,0,45,6
263,2023-12-18 16:35,1,B03635D,3.0,0.0,0,45,1
264,2023-12-18 16:35,1,B01526D,3.0,0.0,0,17,19
265,2023-12-18 16:37,1,B06252D,3.0,3.0,1,27,15
266,2023-12-18 16:38,1,B01526D,3.0,0.0,0,17,1
267,2023-12-18 16:38,1,B01575D,3.0,3.0,1,1,3
268,2023-12-18 16:39,1,B06252D,3.0,3.0,1,27,8
269,2023-12-18 16:39,1,B06252D,3.0,0.0,0,23,63
270,2023-12-18 16:39,1,B03635D,0.8,0.0,0,46,1
271,2023-12-18 16:41,1,B03635D,3.0,3.0,1,9,15
272,2023-12-18 16:41,1,B07821D,3.0,0.6000000000000001,0,63,3
273,2023-12-18 16:44,1,B06252D,3.0,0.0,0,1,65
274,2023-12-18 16:44,1,B03635D,0.7,0.0,0,42,1
275,2023-12-18 16:45,1,B03635D,3.0,0.0,0,6,1
276,2023-12-18 16:45,1,B03260D,3.0,3.0,1,45,6
277,2023-12-18 16:46,1,B01575D,3.0,3.0,1,45,1
278,2023-12-18 16:46,2,B03635D,6.0,0.0,0,46,39
279,2023-12-18 16:46,1,B03260D,0.9,0.0,0,45,54
280,2023-12-18 16:47,1,B01526D,3.0,0.0,0,17,1
281,2023-12-18 16:48,1,B01526D,3.0,3.0,1,17,12
282,2023-12-18 16:49,1,B01526D,3.0,0.0,0,17,52
283,2023-12-18 16:49,1,B07821D,3.0,0.0,0,17,11
284,2023-12-18 16:50,1,B01575D,1.1,0.0,0,45,1
285,2023-12-18 16:50,2,B03635D,6.0,6.0,1,45,39
286,2023-12-18 16:50,1,B01526D,3.0,0.0,0,17,1
287,2023-12-18 16:51,1,B07821D,3.0,3.0,1,17,6
288,2023-12-18 16:52,1,B03260D,1.2,0.24,0,3,63
289,2023-12-18 16:53,1,B03635D,3.0,0.0,0,63,3
290,2023-12-18 16:54,1,B03260D,3.0,3.0,1,7,1
291,2023-12-18 16:55,1,B03635D,3.0,3.0,1,42,1
292,2023-12-18 16:55,1,B07821D,3.0,0.0,0,46,11
293,2023-12-18 16:56,1,0,3.0,0.0,0,17,31
294,2023-12-18 16:56,1,B07821D,3.0,3.0,1,63,3
295,2023-12-18 16:56,1,B03260D,3.0,0.0,0,42,10
296,2023-12-18 16:58,1,B03260D,3.0,0.0,0,5,1
297,2023-12-18 16:59,1,0,1.6,0.0,0,54,1
298,2023-12-18 17:00,1,B07821D,3.0,0.0,0,40,11
299,2023-12-18 17:00,1,B03260D,0.0,0.0,0,1,21
300,2023-12-18 17:00,1,0,3.0,0.0,0,6,60
301,2023-12-18 17:01,1,0,0.9,0.0,0,6,23
302,2023-12-18 17:01,1,0,3.0,0.0,0,6,3
303,2023-12-18 17:01,1,B03260D,3.0,0.6000000000000001,0,42,21
304,2023-12-18 17:02,1,B03260D,3.0,0.6000000000000001,0,42,3
305,2023-12-18 17:02,1,B03635D,3.0,0.0,0,16,11
306,2023-12-18 17:03,1,B06252D,3.0,3.0,0,45,16
307,2023-12-18 17:03,1,0,3.0,0.0,0,55,28
308,2023-12-18 17:03,1,B06252D,3.0,3.0,1,46,23
309,2023-12-18 17:04,1,B03260D,0.5,0.0,0,42,1
310,2023-12-18 17:05,1,B01526D,3.0,0.0,0,17,40
311,2023-12-18 17:05,2,0,6.0,0.0,0,16,1
312,2023-12-18 17:06,2,B03635D,4.5,4.5,1,63,40
313,2023-12-18 17:07,1,B06252D,3.0,0.0,0,17,3
314,2023-12-18 17:07,1,B06527D,1.4,1.4,1,44,63
315,2023-12-18 17:08,1,B07821D,0.7,0.0,0,42,1
316,2023-12-18 17:08,1,0,3.0,0.0,0,54,1
317,2023-12-18 17:09,1,B03260D,3.0,0.6000000000000001,0,1,65
318,2023-12-18 17:09,1,B06527D,3.0,3.0,1,44,63
319,2023-12-18 17:09,2,B06527D,6.0,1.2000000000000002,0,46,1
320,2023-12-18 17:09,2,0,6.0,0.0,0,16,1
321,2023-12-18 17:09,1,B07821D,1.1,0.0,0,42,1
322,2023-12-18 17:10,1,B01575D,3.0,3.0,1,36,21
323,2023-12-18 17:10,1,B07821D,3.0,3.0,1,47,21
324,2023-12-18 17:10,1,B06527D,3.0,0.0,0,1,52
325,2023-12-18 17:10,1,B06527D,3.0,0.0,0,1,52
326,2023-12-18 17:11,1,B07821D,3.0,0.6000000000000001,0,1,65
327,2023-12-18 17:11,1,B06252D,3.0,3.0,1,17,14
328,2023-12-18 17:12,1,B06252D,3.0,0.0,0,46,3
329,2023-12-18 17:12,1,B06527D,3.0,3.0,1,46,1
330,2023-12-18 17:14,1,B03635D,3.0,0.0,0,1,52
331,2023-12-18 17:15,2,0,6.0,0.0,0,63,23
332,2023-12-18 17:15,1,B03260D,3.0,0.6000000000000001,0,17,19
333,2023-12-18 17:15,1,B03635D,3.0,3.0,1,63,8
334,2023-12-18 17:15,1,B07821D,3.0,0.6000000000000001,0,55,1
335,2023-12-18 17:15,1,B03260D,3.0,3.0,1,7,1
336,2023-12-18 17:15,1,0,3.0,0.0,0,40,21
337,2023-12-18 17:16,1,B03260D,3.0,3.0,1,17,40
338,2023-12-18 17:17,1,B07821D,3.0,3.0,1,42,21
339,2023-12-18 17:17,1,B03635D,0.1,0.020000000000000004,0,8,1
340,2023-12-18 17:18,1,B03260D,3.0,0.0,0,6,23
341,2023-12-18 17:19,1,B03260D,3.0,3.0,1,7,3
342,2023-12-18 17:19,1,B07821D,3.0,3.0,1,40,21
343,2023-12-18 17:20,1,B03260D,3.0,0.6000000000000001,0,1,52
344,2023-12-18 17:20,1,B03635D,1.8,0.3600000000000001,0,54,1
345,2023-12-18 17:20,1,B06527D,3.0,0.6000000000000001,0,43,36
346,2023-12-18 17:20,1,0,3.0,0.0,0,47,16
347,2023-12-18 17:20,1,B03635D,1.3,0.0,0,54,58
348,2023-12-18 17:20,1,B03635D,1.1,0.0,0,54,14
349,2023-12-18 17:20,1,B07821D,0.1,0.020000000000000004,0,3,16
350,2023-12-18 17:23,1,B06527D,3.0,3.0,1,1,11
351,2023-12-18 17:23,1,0,3.0,0.0,0,47,16
352,2023-12-18 17:24,1,B03635D,3.0,0.0,0,42,39
353,2023-12-18 17:24,1,B07821D,1.6,0.0,0,1,21
354,2023-12-18 17:25,1,0,3.0,0.0,0,1,65
355,2023-12-18 17:25,1,B01526D,3.0,3.0,1,3,60
356,2023-12-18 17:25,1,B07821D,3.0,3.0,1,6,3
357,2023-12-18 17:25,1,B03635D,1.5,0.0,0,54,1
358,2023-12-18 17:26,1,0,3.0,0.0,0,45,1
359,2023-12-18 17:26,2,0,6.0,0.0,0,12,34
360,2023-12-18 17:26,2,B01575D,6.0,0.0,0,63,23
361,2023-12-18 17:26,1,0,3.0,0.0,0,15,27
362,2023-12-18 17:26,1,0,3.0,0.0,0,1,65
363,2023-12-18 17:26,1,B03635D,0.1,0.0,0,46,1
364,2023-12-18 17:28,1,B06527D,3.0,0.0,0,1,52
365,2023-12-18 17:28,1,0,3.0,0.0,0,17,1
366,2023-12-18 17:29,2,0,6.0,0.0,0,12,34
367,2023-12-18 17:30,1,0,3.0,0.0,0,45,1
368,2023-12-18 17:31,1,B07821D,1.5,1.5,1,3,16
369,2023-12-18 17:32,1,0,3.0,0.0,0,7,1
370,2023-12-18 17:32,1,0,2.0,0.0,0,9,15
371,2023-12-18 17:34,1,B06252D,0.1,0.1,1,63,8
372,2023-12-18 17:35,1,B01526D,3.0,0.0,0,17,1
373,2023-12-18 17:36,1,0,3.0,0.0,0,13,28
374,2023-12-18 17:37,1,B03260D,3.0,0.0,0,1,16
375,2023-12-18 17:39,1,B07821D,3.0,0.6000000000000001,0,2,39
376,2023-12-18 17:39,1,B03635D,3.0,0.0,0,42,39
377,2023-12-18 17:40,1,B03260D,2.0,0.0,0,9,15
378,2023-12-18 17:40,1,0,3.0,0.0,0,20,52
379,2023-12-18 17:41,1,B03635D,3.0,3.0,1,45,15
380,2023-12-18 17:42,1,B03635D,1.5,0.30000000000000004,0,9,1
381,2023-12-18 17:42,1,B06252D,0.1,0.1,1,44,3
382,2023-12-18 17:42,1,B06252D,3.0,0.6000000000000001,0,55,35
383,2023-12-18 17:43,1,0,3.0,0.0,0,54,14
384,2023-12-18 17:43,1,0,3.0,0.0,0,11,1
385,2023-12-18 17:43,1,B03635D,3.0,3.0,1,43,1
386,2023-12-18 17:45,1,B03635D,1.2,0.24,0,54,1
387,2023-12-18 17:46,1,0,3.0,0.0,0,3,38
388,2023-12-18 17:46,1,B06527D,1.9,0.0,0,54,3
389,2023-12-18 17:46,1,B01526D,3.0,0.6000000000000001,0,17,1
390,2023-12-18 17:46,1,B07821D,3.0,0.6000000000000001,0,54,14
391,2023-12-18 17:48,1,B01526D,3.0,3.0,1,3,36
392,2023-12-18 17:49,1,B01526D,3.0,3.0,1,3,38
393,2023-12-18 17:49,1,B03260D,3.0,3.0,1,7,1
394,2023-12-18 17:50,1,B03260D,3.0,0.6000000000000001,0,1,48
395,2023-12-18 17:51,1,B07821D,1.3,0.0,0,17,15
396,2023-12-18 17:52,1,B06527D,3.0,3.0,1,7,40
397,2023-12-18 17:52,1,0,3.0,0.0,0,40,48
398,2023-12-18 17:52,1,B01575D,3.0,0.0,0,1,12
399,2023-12-18 17:53,1,0,3.0,0.0,0,45,17
400,2023-12-18 17:53,1,0,3.0,0.0,0,45,1
401,2023-12-18 17:54,1,B03260D,3.0,0.0,0,1,23
402,2023-12-18 17:54,1,B03635D,3.0,0.0,0,15,63
403,2023-12-18 17:54,1,B03635D,3.0,0.0,0,15,21
404,2023-12-18 17:55,1,0,3.0,0.0,0,54,15
405,2023-12-18 17:55,1,B03260D,3.0,0.6000000000000001,0,1,52
406,2023-12-18 17:55,1,0,3.0,0.0,0,21,14
407,2023-12-18 17:56,1,B03635D,3.0,3.0,1,44,14
408,2023-12-18 17:57,1,B03260D,3.0,0.0,0,54,15
409,2023-12-18 17:57,1,0,0.0,0.0,0,3,42
410,2023-12-18 17:57,1,B03260D,3.0,0.6000000000000001,0,45,17
411,2023-12-18 17:58,1,B03260D,3.0,0.0,0,55,3
412,2023-12-18 17:58,1,0,3.0,0.0,0,40,48
413,2023-12-18 17:59,1,0,3.0,0.0,0,43,1
414,2023-12-18 18:00,1,B01526D,3.0,0.0,0,9,15
415,2023-12-18 18:01,1,B01575D,3.0,0.6000000000000001,0,1,3
416,2023-12-18 18:01,1,B03260D,3.0,3.0,1,1,11
417,2023-12-18 18:02,1,B03260D,3.0,0.0,0,45,1
418,2023-12-18 18:03,1,0,3.0,0.0,0,40,48
419,2023-12-18 18:03,1,B03260D,0.9,0.0,0,20,6
420,2023-12-18 18:04,2,B03260D,6.0,0.0,0,54,11
421,2023-12-18 18:05,1,0,3.0,0.0,0,9,3
422,2023-12-18 18:05,1,B01575D,3.0,0.6000000000000001,0,3,1
423,2023-12-18 18:06,1,0,3.0,0.0,0,40,48
424,2023-12-18 18:07,1,0,3.0,0.0,0,6,1
425,2023-12-18 18:07,1,B03635D,3.0,0.0,0,1,42
426,2023-12-18 18:08,1,0,3.0,0.0,0,6,35
427,2023-12-18 18:08,1,B03635D,3.0,0.6000000000000001,0,1,17
428,2023-12-18 18:08,1,0,3.0,0.0,0,6,1
429,2023-12-18 18:08,1,B03260D,0.7,0.0,0,44,1
430,2023-12-18 18:09,1,B03635D,0.6,0.0,0,1,17
431,2023-12-18 18:10,1,0,3.0,0.0,0,40,8
432,2023-12-18 18:11,1,B03635D,1.4,0.2799999999999998,0,1,17
433,2023-12-18 18:12,1,B07821D,3.0,0.0,0,15,60
434,2023-12-18 18:13,1,B01575D,3.0,3.0,1,63,3
435,2023-12-18 18:13,3,B01575D,9.0,1.7999999999999998,0,42,30
436,2023-12-18 18:13,1,B03635D,0.7,0.7,1,44,1
437,2023-12-18 18:14,1,B03260D,3.0,3.0,1,1,11
438,2023-12-18 18:15,1,B07821D,3.0,3.0,1,45,1
439,2023-12-18 18:16,1,0,1.2,0.0,0,29,11
440,2023-12-18 18:16,1,0,3.0,0.0,0,15,3
441,2023-12-18 18:16,2,B07821D,6.0,6.0,1,54,11
442,2023-12-18 18:23,1,B03260D,3.0,3.0,1,8,1
443,2023-12-18 18:24,1,B01575D,3.0,0.0,0,15,3
444,2023-12-18 18:24,1,B03260D,0.0,0.0,1,3,42
445,2023-12-18 18:25,1,B01575D,3.0,3.0,0,32,3
446,2023-12-18 18:26,1,B03260D,3.0,3.0,1,1,56
447,2023-12-18 18:28,1,0,3.0,0.0,0,15,28
448,2023-12-18 18:28,1,B06527D,0.2,0.04000000000000001,0,3,63
449,2023-12-18 18:29,1,B06527D,3.0,0.0,0,3,59
450,2023-12-18 18:31,1,B06527D,1.0,0.19999999999999996,0,3,36
451,2023-12-18 18:37,1,B03260D,3.0,0.0,0,3,52
452,2023-12-18 18:37,3,B07821D,9.0,9.0,1,3,64
453,2023-12-18 18:39,1,B01575D,3.0,0.0,0,15,3
454,2023-12-18 18:39,2,B06527D,3.1,3.1,1,4,14
455,2023-12-18 18:39,1,B01526D,3.0,3.0,1,15,58
456,2023-12-18 18:41,1,B03635D,3.0,3.0,1,6,59
457,2023-12-18 18:41,1,B03635D,3.0,3.0,1,42,48
458,2023-12-18 18:50,1,B06252D,3.0,3.0,1,1,3
459,2023-12-18 18:51,1,B01575D,3.0,0.0,0,1,11
460,2023-12-18 18:51,1,B01575D,1.5,1.5,1,44,8
461,2023-12-18 18:52,1,B06252D,3.0,3.0,1,4,11
462,2023-12-18 18:52,1,B03260D,3.0,3.0,1,42,34
463,2023-12-18 18:53,1,B06252D,3.0,3.0,1,52,63
464,2023-12-18 18:53,1,B06252D,1.2,0.24,0,5,36
465,2023-12-18 18:54,1,B07821D,1.6,0.0,0,5,63
466,2023-12-18 18:56,1,B03635D,1.3,1.3,1,63,3
467,2023-12-18 18:57,1,B01575D,3.0,3.0,1,1,11
468,2023-12-18 18:59,2,B01575D,6.0,0.0,0,1,8
469,2023-12-18 18:59,1,B06252D,3.0,0.6000000000000001,0,3,32
470,2023-12-18 19:01,1,B01575D,3.0,0.6000000000000001,0,1,11
471,2023-12-18 19:04,2,B03260D,6.0,6.0,1,21,59
472,2023-12-18 19:06,1,B01575D,3.0,3.0,1,1,11
473,2023-12-18 19:08,3,B06527D,7.5,7.5,1,39,4
474,2023-12-18 19:09,1,B06252D,3.0,3.0,1,3,59
475,2023-12-18 19:11,1,B01575D,3.0,3.0,1,1,10
476,2023-12-18 19:18,1,B01526D,3.0,3.0,1,6,3
477,2023-12-18 19:20,1,B06527D,3.0,3.0,1,1,52
478,2023-12-18 19:24,1,B03635D,3.0,3.0,1,1,11
479,2023-12-18 19:26,1,B01526D,3.0,0.0,0,3,32
480,2023-12-18 19:27,1,B03635D,3.0,0.0,0,1,52
481,2023-12-18 19:27,1,B03635D,3.0,3.0,1,7,1
482,2023-12-18 19:30,3,0,9.0,0.0,0,1,16
483,2023-12-18 19:31,1,B03635D,3.0,3.0,1,3,1
484,2023-12-18 19:32,1,B01526D,3.0,3.0,0,1,2
485,2023-12-18 19:34,1,B03635D,3.0,3.0,1,23,8
486,2023-12-18 19:35,1,0,3.0,0.0,0,1,21
487,2023-12-18 19:37,1,B06252D,3.0,3.0,1,63,52
488,2023-12-18 19:38,1,B01526D,3.0,3.0,1,1,23
489,2023-12-18 19:38,1,B01526D,3.0,0.0,0,1,40
490,2023-12-18 19:39,1,B01526D,3.0,3.0,1,20,52
491,2023-12-18 19:39,1,B01526D,3.0,0.6000000000000001,0,15,21
492,2023-12-18 19:39,1,B03635D,3.0,3.0,1,1,35
493,2023-12-18 19:54,2,B03635D,6.0,6.0,1,11,3
494,2023-12-18 20:01,1,B03260D,3.0,3.0,1,1,52
495,2023-12-18 20:05,1,B01526D,3.0,3.0,1,11,39
496,2023-12-18 20:07,1,B03635D,3.0,3.0,1,3,40
497,2023-12-18 20:08,1,B03260D,3.0,3.0,1,4,3
498,2023-12-18 20:11,1,B03635D,3.0,3.0,1,3,40
499,2023-12-18 20:12,1,B03635D,3.0,0.6000000000000001,0,1,59
500,2023-12-18 20:13,1,B03260D,3.0,3.0,1,1,56
501,2023-12-18 20:14,1,B03635D,3.0,3.0,1,3,40
502,2023-12-18 20:24,2,B03635D,6.0,6.0,1,3,11
503,2023-12-18 20:26,1,B03635D,3.0,3.0,1,44,34
504,2023-12-18 20:29,2,B03635D,6.0,6.0,1,20,6
505,2023-12-18 20:29,1,B03260D,3.0,0.6000000000000001,0,43,23
506,2023-12-18 20:30,1,B03260D,3.0,3.0,1,44,23
507,2023-12-18 20:34,1,B03260D,3.0,3.0,1,44,23
508,2023-12-18 20:36,1,B03260D,1.6,1.6,1,20,3
509,2023-12-18 20:42,1,B03635D,3.0,3.0,1,52,1
510,2023-12-18 20:53,1,B03260D,3.0,3.0,1,3,17
511,2023-12-18 20:55,1,B03635D,3.0,3.0,1,46,52
512,2023-12-18 21:08,1,B03260D,3.0,3.0,1,42,63
513,2023-12-18 21:16,1,B03635D,2.0,2.0,1,6,8
514,2023-12-18 21:27,1,B03635D,3.0,0.0,0,3,11
