index_1,index_2,distance
1,1,0.0
1,2,903.009
1,3,1412.445
1,4,58.812
1,5,886.719
1,6,963.6500000000001
1,7,2220.2110000000002
1,8,1717.3490000000002
1,9,1449.0110000000002
1,10,3038.312
1,11,2230.563
1,12,4337.109
1,13,1250.091
1,14,1896.836
1,15,1516.022
1,16,1375.5430000000001
1,17,1884.7400000000002
1,18,2418.808
1,19,524.85
1,20,442.336
1,21,2109.2499999999995
1,22,421.842
1,23,1758.28
1,24,1253.885
1,25,1189.5679999999998
1,26,2092.2499999999995
1,27,2704.982
1,28,2691.978
1,29,3752.9860000000003
1,30,2212.8849999999993
1,31,1773.3419999999999
1,32,2029.5789999999997
1,33,2425.399
1,34,1089.5729999999999
1,35,1051.211
1,36,2005.93
1,37,2684.552
1,38,1786.483
1,39,1617.767
1,40,727.671
1,41,1229.453
1,42,1126.882
1,43,1192.8580000000002
1,44,1442.116
1,45,1557.1110000000003
1,46,1084.842
1,47,1585.6630000000002
1,48,2664.3979999999997
1,49,3402.813
1,50,3100.9120000000003
1,51,2934.8420000000006
1,52,2581.5460000000003
1,53,2405.0190000000002
1,54,1180.656
1,55,1794.207
1,56,2453.656
1,57,1642.52
1,58,3064.273
1,59,2490.698
1,60,2953.721
1,61,2778.063
1,62,3219.3540000000003
1,63,2189.024
1,64,3111.6330000000003
1,65,2723.082
2,1,827.805
2,2,0.0
2,3,542.016
2,4,886.617
2,5,16.29
2,6,1791.4550000000002
2,7,1354.774
2,8,853.133
2,9,2276.8160000000003
2,10,2167.883
2,11,1366.3470000000002
2,12,3466.68
2,13,2037.172
2,14,2580.521
2,15,2156.791
2,16,511.32700000000006
2,17,1019.303
2,18,1548.379
2,19,1352.655
2,20,1270.1409999999998
2,21,1280.833
2,22,1249.647
2,23,927.84
2,24,411.116
2,25,1172.321
2,26,1263.833
2,27,3397.7640000000006
2,28,3384.7600000000007
2,29,4436.671
2,30,1384.468
2,31,1858.9890000000003
2,32,1602.7520000000002
2,33,1998.5720000000001
2,34,578.5160000000001
2,35,148.202
2,36,2689.6150000000002
2,37,3064.2190000000005
2,38,2427.252
2,39,2404.848
2,40,1555.476
2,41,2057.2580000000003
2,42,1954.6870000000001
2,43,2008.2819999999997
2,44,1664.808
2,45,2372.5349999999994
2,46,1900.2659999999996
2,47,2413.4680000000003
2,48,3191.056000000001
2,49,2537.3759999999997
2,50,2235.475
2,51,2069.4049999999997
2,52,1716.109
2,53,1539.5819999999999
2,54,1403.348
2,55,2043.4990000000003
2,56,1589.4400000000003
2,57,772.091
2,58,3747.9580000000005
2,59,3174.3830000000003
2,60,3637.4060000000004
2,61,3461.7480000000005
2,62,3903.0390000000007
2,63,2872.7090000000003
2,64,3795.3180000000007
2,65,1852.6529999999998
3,1,1336.774
3,2,508.96900000000005
3,3,0.0
3,4,1395.586
3,5,525.259
3,6,2300.4239999999995
3,7,845.854
3,8,1358.6750000000002
3,9,2785.7849999999994
3,10,1658.9629999999997
3,11,1871.8890000000001
3,12,2957.7599999999998
3,13,2546.1409999999996
3,14,3089.4900000000002
3,15,2665.76
3,16,1019.58
3,17,510.38300000000004
3,18,1039.4589999999998
3,19,1861.624
3,20,1779.11
3,21,785.424
3,22,1758.616
3,23,423.998
3,24,920.085
3,25,1681.29
3,26,802.424
3,27,3906.7330000000006
3,28,3893.7290000000007
3,29,4930.798000000001
3,30,1893.4370000000001
3,31,2367.958
3,32,2111.721
3,33,2507.541
3,34,1087.4850000000001
3,35,657.171
3,36,3198.5840000000003
3,37,3367.9730000000004
3,38,2936.221
3,39,2913.8169999999996
3,40,2064.4449999999997
3,41,2566.227
3,42,2463.6559999999995
3,43,2513.8240000000005
3,44,2170.3500000000004
3,45,2878.077
3,46,2405.8080000000004
3,47,2922.4369999999994
3,48,3494.810000000001
3,49,2028.4560000000001
3,50,1726.555
3,51,1560.4850000000001
3,52,1207.189
3,53,1030.662
3,54,1908.8900000000003
3,55,2549.041
3,56,2094.982
3,57,263.171
3,58,4242.085000000001
3,59,3668.5100000000007
3,60,4146.375000000001
3,61,3970.7170000000006
3,62,4412.008000000001
3,63,3381.6780000000003
3,64,4304.287000000001
3,65,1343.7329999999997
4,1,18.114
4,2,844.1969999999999
4,3,1353.633
4,4,0.0
4,5,827.9069999999999
4,6,981.764
4,7,2161.399
4,8,1658.537
4,9,1467.1250000000002
4,10,2979.5
4,11,2171.751
4,12,4278.2970000000005
4,13,1268.205
4,14,1914.95
4,15,1534.136
4,16,1316.731
4,17,1825.9279999999999
4,18,2359.996
4,19,466.03799999999995
4,20,460.44999999999993
4,21,2125.0299999999997
4,22,439.95599999999996
4,23,1772.0369999999998
4,24,1255.3129999999999
4,25,1207.6819999999998
4,26,2108.0299999999997
4,27,2723.096
4,28,2710.092
4,29,3771.1
4,30,2228.6649999999995
4,31,1791.456
4,32,2047.6929999999998
4,33,2443.513
4,34,1107.687
4,35,992.3989999999999
4,36,2024.044
4,37,2702.666
4,38,1804.597
4,39,1635.881
4,40,745.785
4,41,1247.567
4,42,1144.996
4,43,1210.972
4,44,1460.23
4,45,1575.2250000000001
4,46,1102.956
4,47,1603.7770000000003
4,48,2682.5119999999997
4,49,3344.0009999999997
4,50,3042.1
4,51,2876.03
4,52,2522.734
4,53,2346.207
4,54,1198.77
4,55,1812.321
4,56,2394.844
4,57,1583.708
4,58,3082.3869999999997
4,59,2508.812
4,60,2971.835
4,61,2796.177
4,62,3237.4680000000003
4,63,2207.138
4,64,3129.7470000000003
4,65,2664.27
5,1,844.095
5,2,16.29
5,3,525.726
5,4,902.907
5,5,0.0
5,6,1807.7450000000001
5,7,1338.484
5,8,836.8430000000001
5,9,2293.106
5,10,2151.593
5,11,1350.0570000000002
5,12,3450.39
5,13,2053.462
5,14,2596.811
5,15,2173.081
5,16,495.03700000000003
5,17,1003.013
5,18,1532.089
5,19,1345.73
5,20,1286.4309999999998
5,21,1297.123
5,22,1265.937
5,23,944.13
5,24,427.406
5,25,1188.6109999999999
5,26,1280.123
5,27,3414.0540000000005
5,28,3401.0500000000006
5,29,4452.961
5,30,1400.758
5,31,1875.2790000000002
5,32,1619.0420000000001
5,33,2014.862
5,34,594.806
5,35,164.492
5,36,2705.905
5,37,3080.5090000000005
5,38,2443.542
5,39,2421.138
5,40,1571.766
5,41,2073.5480000000002
5,42,1970.977
5,43,1991.9919999999997
5,44,1648.518
5,45,2356.2449999999994
5,46,1883.9759999999997
5,47,2429.7580000000003
5,48,3207.346000000001
5,49,2521.086
5,50,2219.185
5,51,2053.115
5,52,1699.819
5,53,1523.292
5,54,1387.058
5,55,2027.2090000000003
5,56,1573.1500000000003
5,57,755.801
5,58,3764.2480000000005
5,59,3190.6730000000002
5,60,3653.6960000000004
5,61,3478.0380000000005
5,62,3919.3290000000006
5,63,2888.9990000000003
5,64,3811.6080000000006
5,65,1836.3629999999998
6,1,960.2320000000001
6,2,1786.315
6,3,2295.7509999999997
6,4,942.118
6,5,1770.025
6,6,0.0
6,7,2535.854
6,8,2023.033
6,9,485.361
6,10,3665.1670000000004
6,11,2433.809
6,12,4963.964
6,13,2210.3230000000003
6,14,2857.068
6,15,2476.254
6,16,2258.849
6,17,2768.0460000000003
6,18,3302.1139999999996
6,19,1408.1560000000002
6,20,1402.568
6,21,3067.148
6,22,1382.074
6,23,2714.155
6,24,2197.431
6,25,2149.8
6,26,3050.148
6,27,3665.2140000000004
6,28,3652.2100000000005
6,29,4713.218
6,30,3170.783
6,31,2733.574
6,32,2989.811
6,33,3385.6310000000003
6,34,2049.8050000000003
6,35,1934.517
6,36,2966.1620000000003
6,37,3644.784
6,38,2746.7149999999997
6,39,2577.9990000000003
6,40,235.97899999999998
6,41,265.803
6,42,163.232
6,43,1423.669
6,44,1734.2779999999998
6,45,1389.9460000000001
6,46,975.9
6,47,622.013
6,48,3624.63
6,49,3718.4559999999997
6,50,3416.555
6,51,3250.485
6,52,2897.189
6,53,2720.662
6,54,1472.8179999999998
6,55,1994.701
6,56,2656.902
6,57,2525.826
6,58,4024.505
6,59,3450.9300000000003
6,60,3913.9530000000004
6,61,3738.2950000000005
6,62,4179.586000000001
6,63,3149.2560000000003
6,64,4071.8650000000007
6,65,3606.3879999999995
7,1,2182.628
7,2,1354.823
7,3,845.854
7,4,2184.892
7,5,1339.705
7,6,2535.8539999999994
7,7,0.0
7,8,512.821
7,9,2050.4929999999995
7,10,1129.3129999999999
7,11,1026.035
7,12,2428.1099999999997
7,13,3391.995
7,14,3935.344
7,15,3511.614
7,16,844.668
7,17,335.471
7,18,1111.67
7,19,1695.3609999999999
7,20,2624.9640000000004
7,21,1631.278
7,22,2604.4700000000003
7,23,1269.852
7,24,1765.939
7,25,2527.144
7,26,1648.278
7,27,4752.5869999999995
7,28,4739.583
7,29,5776.651999999998
7,30,2739.2909999999997
7,31,3213.812
7,32,2957.575
7,33,3353.395
7,34,1933.3390000000002
7,35,1503.025
7,36,4044.438
7,37,4213.827
7,38,3782.075
7,39,3759.671
7,40,2771.832999999999
7,41,2801.6569999999997
7,42,2372.6219999999994
7,43,1667.9699999999998
7,44,1324.496
7,45,2032.223
7,46,1559.9539999999997
7,47,2187.1449999999995
7,48,4340.663999999999
7,49,1182.602
7,50,880.701
7,51,714.631
7,52,361.335
7,53,184.808
7,54,1063.036
7,55,1703.187
7,56,1249.1280000000002
7,57,582.683
7,58,5087.9389999999985
7,59,4514.363999999999
7,60,4992.229
7,61,4816.571
7,62,5257.862
7,63,4227.532
7,64,5150.1410000000005
7,65,1219.626
8,1,1680.938
8,2,853.133
8,3,1358.675
8,4,1672.0710000000001
8,5,836.8430000000001
8,6,2023.033
8,7,512.821
8,8,0.0
8,9,1537.672
8,10,1642.134
8,11,513.214
8,12,2940.931
8,13,2890.3050000000003
8,14,3433.654
8,15,3009.924
8,16,341.806
8,17,848.292
8,18,1624.491
8,19,1192.4989999999998
8,20,2123.2740000000003
8,21,2133.966
8,22,2102.78
8,23,1780.973
8,24,1264.249
8,25,2025.454
8,26,2116.966
8,27,4250.897
8,28,4237.893
8,29,5289.804
8,30,2237.6009999999997
8,31,2712.122
8,32,2455.8849999999998
8,33,2851.705
8,34,1431.6490000000001
8,35,1001.335
8,36,3542.748
8,37,3917.352
8,38,3280.3849999999998
8,39,3257.981
8,40,2259.0119999999997
8,41,2288.8360000000002
8,42,1859.801
8,43,1155.149
8,44,811.6750000000001
8,45,1519.402
8,46,1047.133
8,47,1674.324
8,48,4044.1890000000003
8,49,1695.423
8,50,1393.522
8,51,1227.452
8,52,874.156
8,53,697.629
8,54,550.215
8,55,1190.366
8,56,736.307
8,57,1095.504
8,58,4601.091
8,59,4027.516
8,60,4490.539000000001
8,61,4314.881
8,62,4756.1720000000005
8,63,3725.842
8,64,4648.451000000001
8,65,1732.4470000000001
9,1,1445.593
9,2,2271.676
9,3,2781.1119999999996
9,4,1427.479
9,5,2255.386
9,6,485.361
9,7,2050.493
9,8,1537.672
9,9,0.0
9,10,3179.8060000000005
9,11,1948.4479999999999
9,12,4478.603000000001
9,13,2695.684
9,14,3342.429
9,15,2961.615
9,16,1879.478
9,17,2385.964
9,18,3162.163
9,19,1893.517
9,20,1887.9289999999999
9,21,3552.5089999999996
9,22,1867.435
9,23,3199.5159999999996
9,24,2682.792
9,25,2635.161
9,26,3535.5089999999996
9,27,4150.575000000001
9,28,4137.571000000001
9,29,5198.579
9,30,3656.1439999999993
9,31,3218.935
9,32,3475.172
9,33,3870.992
9,34,2535.1659999999997
9,35,2419.8779999999997
9,36,3451.523
9,37,4130.145
9,38,3232.0759999999996
9,39,3063.36
9,40,721.3399999999999
9,41,751.164
9,42,322.129
9,43,938.3079999999999
9,44,1248.917
9,45,904.5850000000002
9,46,490.539
9,47,136.65200000000002
9,48,4109.991
9,49,3233.095
9,50,2931.194
9,51,2765.1240000000003
9,52,2411.828
9,53,2235.301
9,54,987.457
9,55,1509.34
9,56,2171.5409999999997
9,57,2633.176
9,58,4509.866
9,59,3936.291
9,60,4399.314000000001
9,61,4223.656000000001
9,62,4664.947000000001
9,63,3634.617
9,64,4557.2260000000015
9,65,3270.119
10,1,3062.5389999999998
10,2,2234.734
10,3,1725.7649999999999
10,4,3121.3509999999997
10,5,2251.024
10,6,3665.1670000000004
10,7,1129.313
10,8,1642.134
10,9,3179.8060000000005
10,10,0.0
10,11,2155.348
10,12,1298.797
10,13,4141.544
10,14,4673.003000000001
10,15,4249.273
10,16,1973.9810000000002
10,17,1464.784
10,18,698.8639999999999
10,19,2824.674
10,20,3426.206
10,21,2357.011
10,22,3405.712
10,23,2069.111
10,24,2645.85
10,25,3276.693
10,26,2374.011
10,27,5490.246
10,28,5477.242
10,29,6368.1089999999995
10,30,3476.95
10,31,3951.471
10,32,3695.234
10,33,4091.054
10,34,2813.2499999999995
10,35,2382.9359999999997
10,36,4782.097000000001
10,37,4805.284000000001
10,38,4519.734
10,39,4509.219999999999
10,40,3790.2099999999996
10,41,3930.9700000000007
10,42,3501.9350000000004
10,43,2797.2830000000004
10,44,2453.809
10,45,3161.536
10,46,2689.2670000000003
10,47,3316.4580000000005
10,48,4932.121
10,49,1242.0529999999999
10,50,940.1519999999999
10,51,414.682
10,52,1121.032
10,53,944.505
10,54,2192.349
10,55,2832.5
10,56,2378.441
10,57,1711.996
10,58,5679.396
10,59,5105.821
10,60,5729.888000000001
10,61,5554.2300000000005
10,62,5995.521000000001
10,63,4965.191000000001
10,64,5887.800000000001
10,65,430.601
11,1,2142.606
11,2,1366.347
11,3,1871.8890000000001
11,4,2124.492
11,5,1350.057
11,6,2433.8089999999997
11,7,1026.035
11,8,513.214
11,9,1948.448
11,10,2155.3480000000004
11,11,0.0
11,12,2925.8140000000003
11,13,3392.697
11,14,3946.868
11,15,3523.138
11,16,855.02
11,17,1361.506
11,18,2137.705
11,19,1705.7129999999997
11,20,2584.9420000000005
11,21,2647.18
11,22,2564.4480000000003
11,23,2294.187
11,24,1777.463
11,25,2538.668
11,26,2630.18
11,27,4764.110999999999
11,28,4751.106999999999
11,29,5803.017999999999
11,30,2750.8149999999996
11,31,3225.336
11,32,2969.0989999999997
11,33,3364.919
11,34,1944.863
11,35,1514.549
11,36,4055.962
11,37,4430.566
11,38,3793.5989999999997
11,39,3760.373
11,40,2669.7879999999996
11,41,2699.612
11,42,2270.5769999999998
11,43,1538.3930000000003
11,44,829.4549999999999
11,45,1043.863
11,46,1499.5539999999996
11,47,1811.796
11,48,4557.402999999999
11,49,1549.1060000000002
11,50,1851.0070000000003
11,51,1740.6660000000002
11,52,1387.3700000000001
11,53,1210.843
11,54,1063.429
11,55,677.152
11,56,223.093
11,57,1608.718
11,58,5114.304999999999
11,59,4540.73
11,60,5003.753
11,61,4828.094999999999
11,62,5269.3859999999995
11,63,4239.056
11,64,5161.665
11,65,2245.661
12,1,4344.6320000000005
12,2,3516.827
12,3,3007.858
12,4,4403.444
12,5,3533.117
12,6,5025.234
12,7,2489.38
12,8,3002.201
12,9,4539.8730000000005
12,10,1360.067
12,11,2925.8140000000003
12,12,0.0
12,13,5423.637
12,14,5955.096
12,15,5531.366
12,16,3266.353
12,17,2757.156
12,18,1980.9569999999999
12,19,4117.046
12,20,4708.299
12,21,3639.1040000000003
12,22,4687.805
12,23,3351.204
12,24,3927.943
12,25,4558.786
12,26,3656.1040000000003
12,27,6772.338999999999
12,28,6759.334999999999
12,29,7650.201999999999
12,30,4759.043000000001
12,31,5233.564
12,32,4977.327
12,33,5373.147
12,34,4095.3430000000003
12,35,3665.0290000000005
12,36,6064.19
12,37,6087.377
12,38,5801.827
12,39,5791.312999999999
12,40,5072.303000000001
12,41,5291.037
12,42,4862.002
12,43,4157.35
12,44,3697.5550000000003
12,45,3910.013
12,46,4049.3340000000003
12,47,4676.525000000001
12,48,6214.214
12,49,2039.337
12,50,2300.219
12,51,1774.749
12,52,2481.099
12,53,2304.572
12,54,3552.416
12,55,3305.2580000000003
12,56,2702.7210000000005
12,57,3004.368
12,58,6961.489
12,59,6387.914
12,60,7011.981
12,61,6836.322999999999
12,62,7277.614
12,63,6247.284
12,64,7169.893
12,65,1790.6680000000001
13,1,1288.5420000000001
13,2,2044.8780000000002
13,3,2559.0670000000005
13,4,1270.428
13,5,2061.168
13,6,2175.2659999999996
13,7,3399.652
13,8,2898.011
13,9,2660.6269999999995
13,10,4067.5519999999997
13,11,3411.225
13,12,5366.349
13,13,0.0
13,14,646.745
13,15,1070.475
13,16,2556.205
13,17,3064.181
13,18,3448.048
13,19,1736.4660000000001
13,20,809.472
13,21,1784.533
13,22,829.966
13,23,2135.0690000000004
13,24,1630.674
13,25,864.851
13,26,1767.533
13,27,1454.891
13,28,1441.8870000000002
13,29,2502.8950000000004
13,30,1842.7979999999998
13,31,1368.2769999999998
13,32,1624.5139999999997
13,33,2020.3339999999998
13,34,1466.362
13,35,1896.6760000000002
13,36,755.8389999999999
13,37,2279.4869999999996
13,38,797.0000000000001
13,39,367.67600000000004
13,40,1939.2869999999998
13,41,2441.069
13,42,2338.4979999999996
13,43,2404.474
13,44,2653.732
13,45,2768.727
13,46,2296.458
13,47,2797.2789999999995
13,48,1414.3070000000002
13,49,4582.254
13,50,4280.353
13,51,4114.283
13,52,3760.987
13,53,3584.46
13,54,2392.272
13,55,3005.823
13,56,3634.3179999999998
13,57,2816.969
13,58,1814.1820000000002
13,59,1240.6070000000002
13,60,1703.6299999999997
13,61,1527.9719999999998
13,62,1969.2629999999995
13,63,938.933
13,64,1861.5419999999997
13,65,3752.3219999999997
14,1,1935.2870000000003
14,2,2580.5209999999997
14,3,3091.005
14,4,1917.1730000000002
14,5,2596.8109999999997
14,6,2822.011
14,7,3935.2949999999996
14,8,3433.654
14,9,3307.372
14,10,4599.011
14,11,3946.868
14,12,5897.808000000001
14,13,646.745
14,14,0.0
14,15,423.73
14,16,3091.848
14,17,3599.8239999999996
14,18,3979.5070000000005
14,19,2383.2110000000002
14,20,1456.217
14,21,2315.992
14,22,1476.711
14,23,2667.007
14,24,2277.419
14,25,1511.5960000000002
14,26,2298.992
14,27,817.243
14,28,804.239
14,29,1856.15
14,30,1196.053
14,31,721.532
14,32,977.769
14,33,1373.589
14,34,2113.107
14,35,2432.319
14,36,109.094
14,37,1632.7419999999997
14,38,694.191
14,39,279.06899999999996
14,40,2586.032
14,41,3087.8140000000003
14,42,2985.243
14,43,3051.219
14,44,3300.4770000000003
14,45,3415.4719999999998
14,46,2943.2030000000004
14,47,3444.024
14,48,767.5620000000001
14,49,5117.896999999999
14,50,4815.995999999999
14,51,4649.925999999999
14,52,4296.629999999999
14,53,4120.102999999999
14,54,3039.0170000000003
14,55,3652.5679999999998
14,56,4169.961
14,57,3352.6119999999996
14,58,1167.4370000000001
14,59,593.8620000000001
14,60,1056.885
14,61,881.227
14,62,1322.518
14,63,292.188
14,64,1214.797
14,65,4283.781000000001
15,1,1553.019
15,2,2156.791
15,3,2667.275
15,4,1534.905
15,5,2173.081
15,6,2439.7429999999995
15,7,3511.565
15,8,3009.9240000000004
15,9,2925.1039999999994
15,10,4175.281
15,11,3523.1380000000004
15,12,5474.0779999999995
15,13,1067.4609999999998
15,14,423.73
15,15,0.0
15,16,2668.1180000000004
15,17,3176.094
15,18,3555.777
15,19,2000.943
15,20,1073.9489999999998
15,21,1892.2619999999997
15,22,1094.4429999999998
15,23,2243.277
15,24,1895.1509999999998
15,25,1129.328
15,26,1875.2619999999997
15,27,1240.973
15,28,1227.969
15,29,2279.88
15,30,772.323
15,31,297.802
15,32,554.039
15,33,949.859
15,34,1730.839
15,35,2008.589
15,36,532.8240000000001
15,37,1209.0120000000002
15,38,270.46099999999996
15,39,699.7849999999999
15,40,2203.7639999999997
15,41,2705.546
15,42,2602.9749999999995
15,43,2668.951
15,44,2918.209
15,45,3033.2039999999997
15,46,2560.935
15,47,3061.7559999999994
15,48,1191.2920000000001
15,49,4694.1669999999995
15,50,4392.266
15,51,4226.196
15,52,3872.9
15,53,3696.373
15,54,2656.749
15,55,3270.2999999999997
15,56,3746.231
15,57,2928.882
15,58,1591.1670000000001
15,59,1017.5920000000001
15,60,1480.6149999999998
15,61,1304.9569999999999
15,62,1746.2479999999996
15,63,715.918
15,64,1638.5269999999998
15,65,3860.051
16,1,1339.132
16,2,511.32700000000006
16,3,1019.5799999999999
16,4,1397.9440000000002
16,5,495.03700000000003
16,6,2302.7819999999997
16,7,844.668
16,8,341.806
16,9,1879.4779999999998
16,10,1904.9
16,11,855.02
16,12,3203.697
16,13,2548.499
16,14,3091.8480000000004
16,15,2668.1180000000004
16,16,0.0
16,17,509.197
16,18,1285.396
16,19,850.6929999999999
16,20,1781.468
16,21,1792.1599999999999
16,22,1760.9740000000002
16,23,1439.167
16,24,922.443
16,25,1683.6480000000001
16,26,1775.1599999999999
16,27,3909.091000000001
16,28,3896.087000000001
16,29,4947.9980000000005
16,30,1895.795
16,31,2370.3160000000003
16,32,2114.079
16,33,2509.8990000000003
16,34,1089.843
16,35,659.529
16,36,3200.9420000000005
16,37,3575.5460000000003
16,38,2938.579
16,39,2916.1749999999997
16,40,2066.803
16,41,2568.585
16,42,2201.607
16,43,1496.955
16,44,1153.481
16,45,1861.208
16,46,1388.9389999999999
16,47,2016.1299999999999
16,48,3702.3830000000007
16,49,2027.2700000000002
16,50,1725.3690000000001
16,51,1559.2990000000002
16,52,1206.0030000000002
16,53,1029.476
16,54,892.021
16,55,1532.172
16,56,1078.113
16,57,756.409
16,58,4259.285000000001
16,59,3685.7100000000005
16,60,4148.733000000001
16,61,3973.0750000000007
16,62,4414.366000000001
16,63,3384.0360000000005
16,64,4306.645000000001
16,65,1589.67
17,1,1847.1570000000002
17,2,1019.3520000000001
17,3,510.383
17,4,1905.9690000000003
17,5,1004.234
17,6,2810.807
17,7,335.471
17,8,848.292
17,9,2385.964
17,10,1395.703
17,11,1361.506
17,12,2694.5
17,13,3056.5239999999994
17,14,3599.873
17,15,3176.143
17,16,509.197
17,17,0.0
17,18,776.199
17,19,1359.8899999999999
17,20,2289.4930000000004
17,21,1295.807
17,22,2268.9990000000003
17,23,934.381
17,24,1430.468
17,25,2191.673
17,26,1312.807
17,27,4417.116
17,28,4404.112
17,29,5441.1810000000005
17,30,2403.8199999999997
17,31,2878.341
17,32,2622.104
17,33,3017.924
17,34,1597.8680000000002
17,35,1167.554
17,36,3708.967
17,37,3878.356
17,38,3446.604
17,39,3424.1999999999994
17,40,2574.828
17,41,3076.61
17,42,2708.093
17,43,2003.4409999999998
17,44,1659.967
17,45,2367.6939999999995
17,46,1895.4249999999997
17,47,2522.616
17,48,4005.1930000000007
17,49,1518.073
17,50,1216.172
17,51,1050.102
17,52,696.806
17,53,520.279
17,54,1398.507
17,55,2038.658
17,56,1584.5990000000002
17,57,247.212
17,58,4752.468000000001
17,59,4178.893000000001
17,60,4656.758000000001
17,61,4481.1
17,62,4922.3910000000005
17,63,3892.061
17,64,4814.670000000001
17,65,1080.473
18,1,2428.529
18,2,1600.724
18,3,1091.7549999999999
18,4,2487.341
18,5,1617.014
18,6,3392.1789999999996
18,7,1111.67
18,8,1624.491
18,9,3162.1630000000005
18,10,619.504
18,11,2137.705
18,12,1918.3010000000002
18,13,3507.5339999999997
18,14,4038.9930000000004
18,15,3615.2630000000004
18,16,1285.396
18,17,776.199
18,18,0.0
18,19,2136.089
18,20,2792.1960000000004
18,21,1723.0010000000002
18,22,2771.702
18,23,1435.101
18,24,2011.84
18,25,2642.683
18,26,1740.0010000000002
18,27,4856.236
18,28,4843.232
18,29,5734.098999999999
18,30,2842.94
18,31,3317.4610000000002
18,32,3061.224
18,33,3457.0440000000003
18,34,2179.24
18,35,1748.926
18,36,4148.087
18,37,4171.274
18,38,3885.724
18,39,3875.2099999999996
18,40,3156.2
18,41,3657.982
18,42,3484.2920000000004
18,43,2779.6400000000003
18,44,2436.166
18,45,3143.893
18,46,2671.6240000000003
18,47,3298.8150000000005
18,48,4298.111
18,49,1636.64
18,50,1334.739
18,51,809.269
18,52,1473.005
18,53,1296.478
18,54,2174.706
18,55,2814.857
18,56,2360.798
18,57,1023.411
18,58,5045.3859999999995
18,59,4471.811
18,60,5095.878000000001
18,61,4920.22
18,62,5361.511
18,63,4331.1810000000005
18,64,5253.790000000001
18,65,304.274
19,1,1291.6019999999999
19,2,463.797
19,3,973.233
19,4,1350.414
19,5,447.507
19,6,2255.2519999999995
19,7,1695.3609999999999
19,8,1192.499
19,9,2730.1709999999994
19,10,2599.1
19,11,1705.7130000000002
19,12,3897.897
19,13,2500.969
19,14,3044.318
19,15,2620.588
19,16,850.693
19,17,1359.8899999999999
19,18,1979.5959999999998
19,19,0.0
19,20,1733.9379999999999
19,21,1744.63
19,22,1713.444
19,23,1391.6370000000002
19,24,874.913
19,25,1636.118
19,26,1727.63
19,27,3861.5610000000006
19,28,3848.5570000000007
19,29,4900.468
19,30,1848.265
19,31,2322.786
19,32,2066.549
19,33,2462.369
19,34,1042.313
19,35,611.999
19,36,3153.4120000000003
19,37,3528.016
19,38,2891.049
19,39,2868.645
19,40,2019.2729999999997
19,41,2521.055
19,42,2418.4839999999995
19,43,2347.6479999999997
19,44,2004.174
19,45,2711.9009999999994
19,46,2239.6319999999996
19,47,2866.8229999999994
19,48,3654.8530000000005
19,49,2877.9629999999997
19,50,2576.062
19,51,2409.992
19,52,2056.696
19,53,1880.1689999999999
19,54,1742.714
19,55,2382.8650000000002
19,56,1928.8060000000003
19,57,1203.308
19,58,4211.755
19,59,3638.1800000000003
19,60,4101.203
19,61,3925.5450000000005
19,62,4366.836000000001
19,63,3336.5060000000003
19,64,4259.115000000001
19,65,2283.87
20,1,479.07000000000005
20,2,1266.741
20,3,1780.93
20,4,460.9560000000001
20,5,1283.031
20,6,1365.794
20,7,2621.515
20,8,2119.493
20,9,1851.1550000000002
20,10,3355.3060000000005
20,11,2632.707
20,12,4654.103000000001
20,13,848.7429999999999
20,14,1495.488
20,15,1114.674
20,16,1777.687
20,17,2286.044
20,18,2735.8020000000006
20,19,926.994
20,20,0.0
20,21,1707.902
20,22,20.494
20,23,1356.932
20,24,852.537
20,25,788.22
20,26,1690.902
20,27,2303.634
20,28,2290.63
20,29,3351.6380000000004
20,30,1811.537
20,31,1371.994
20,32,1628.2309999999998
20,33,2024.051
20,34,688.225
20,35,1118.539
20,36,1604.582
20,37,2283.2039999999997
20,38,1385.135
20,39,1216.419
20,40,1129.815
20,41,1631.597
20,42,1529.026
20,43,1595.0020000000002
20,44,1844.2600000000002
20,45,1959.2550000000003
20,46,1486.986
20,47,1987.8070000000002
20,48,2263.0499999999997
20,49,3804.1169999999997
20,50,3502.216
20,51,3336.146
20,52,2982.85
20,53,2806.323
20,54,1582.8000000000002
20,55,2196.351
20,56,2855.7999999999997
20,57,2038.8319999999999
20,58,2662.925
20,59,2089.35
20,60,2552.3729999999996
20,61,2376.7149999999997
20,62,2818.006
20,63,1787.676
20,64,2710.285
20,65,3040.0760000000005
21,1,2102.194
21,2,1280.8329999999999
21,3,785.424
21,4,2157.082
21,5,1297.1229999999998
21,6,3061.9199999999996
21,7,1631.278
21,8,2133.966
21,9,3547.2809999999995
21,10,2283.0190000000002
21,11,2647.18
21,12,3581.8160000000003
21,13,1784.533
21,14,2315.992
21,15,1892.262
21,16,1792.1599999999999
21,17,1295.807
21,18,1663.515
21,19,2623.12
21,20,1696.126
21,21,0.0
21,22,1675.632
21,23,361.426
21,24,1685.5049999999999
21,25,919.6819999999999
21,26,17.0
21,27,3133.2350000000006
21,28,3120.2310000000007
21,29,4145.374
21,30,1119.9389999999999
21,31,1594.46
21,32,1338.223
21,33,1734.0430000000001
21,34,1521.193
21,35,1132.6309999999999
21,36,2425.0860000000002
21,37,2582.549
21,38,2162.723
21,39,2152.209
21,40,2825.941
21,41,3327.723
21,42,3225.1519999999996
21,43,3289.115
21,44,2945.641
21,45,3653.3679999999995
21,46,3181.099
21,47,3683.9329999999995
21,48,2709.3860000000004
21,49,2813.8799999999997
21,50,2511.979
21,51,2345.909
21,52,1992.613
21,53,1816.086
21,54,2684.181
21,55,3324.332
21,56,2870.2729999999997
21,57,1048.595
21,58,3456.661
21,59,2883.0860000000002
21,60,3372.8770000000004
21,61,3197.2190000000005
21,62,3638.5100000000007
21,63,2608.1800000000003
21,64,3530.7890000000007
21,65,1967.7890000000002
22,1,499.5640000000001
22,2,1246.247
22,3,1760.4360000000001
22,4,481.4500000000001
22,5,1262.537
22,6,1386.2880000000002
22,7,2601.021
22,8,2099.38
22,9,1871.6490000000003
22,10,3334.812
22,11,2612.594
22,12,4633.609
22,13,828.249
22,14,1474.9940000000001
22,15,1094.18
22,16,1757.574
22,17,2265.55
22,18,2715.308
22,19,947.4879999999999
22,20,20.494
22,21,1687.408
22,22,0.0
22,23,1336.438
22,24,832.0429999999999
22,25,767.7259999999999
22,26,1670.408
22,27,2283.14
22,28,2270.136
22,29,3331.1440000000007
22,30,1791.043
22,31,1351.5
22,32,1607.737
22,33,2003.5570000000002
22,34,667.731
22,35,1098.045
22,36,1584.0880000000002
22,37,2262.71
22,38,1364.641
22,39,1195.9250000000002
22,40,1150.3090000000002
22,41,1652.0910000000001
22,42,1549.5200000000002
22,43,1615.496
22,44,1864.754
22,45,1979.7490000000003
22,46,1507.48
22,47,2008.3010000000004
22,48,2242.556
22,49,3783.623
22,50,3481.722
22,51,3315.6520000000005
22,52,2962.356
22,53,2785.829
22,54,1603.2939999999999
22,55,2216.8450000000003
22,56,2835.687
22,57,2018.3380000000002
22,58,2642.4310000000005
22,59,2068.856
22,60,2531.879
22,61,2356.221
22,62,2797.512
22,63,1767.1820000000002
22,64,2689.791
22,65,3019.582
23,1,1755.645
23,2,927.84
23,3,423.998
23,4,1814.457
23,5,944.13
23,6,2719.2949999999996
23,7,1269.8519999999999
23,8,1780.973
23,9,3204.6559999999995
23,10,1998.3739999999998
23,11,2294.187
23,12,3297.171
23,13,2123.6580000000004
23,14,2667.007
23,15,2243.277
23,16,1439.167
23,17,934.381
23,18,1378.87
23,19,2280.4950000000003
23,20,1357.095
23,21,361.426
23,22,1336.601
23,23,0.0
23,24,1338.9560000000001
23,25,1258.807
23,26,378.426
23,27,3484.2500000000005
23,28,3471.2460000000005
23,29,4506.8
23,30,1470.954
23,31,1945.4750000000001
23,32,1689.238
23,33,2085.058
23,34,1182.162
23,35,779.638
23,36,2776.101
23,37,2943.975
23,38,2513.738
23,39,2491.3340000000003
23,40,2483.316
23,41,2985.098
23,42,2882.5269999999996
23,43,2936.1220000000003
23,44,2592.648
23,45,3300.375
23,46,2828.106
23,47,3341.3079999999995
23,48,3070.8120000000004
23,49,2452.4539999999997
23,50,2150.553
23,51,1984.483
23,52,1631.187
23,53,1454.6599999999999
23,54,2331.188
23,55,2971.339
23,56,2517.2799999999997
23,57,687.169
23,58,3818.0870000000004
23,59,3244.512
23,60,3723.8920000000003
23,61,3548.2340000000004
23,62,3989.5250000000005
23,63,2959.195
23,64,3881.8040000000005
23,65,1683.1439999999998
24,1,416.68899999999996
24,2,713.0799999999999
24,3,1255.0959999999998
24,4,475.501
24,5,729.3699999999999
24,6,1380.3390000000002
24,7,2067.854
24,8,1566.213
24,9,1865.7000000000003
24,10,2880.9629999999997
24,11,2079.427
24,12,4179.76
24,13,1630.674
24,14,2277.419
24,15,1896.605
24,16,1224.407
24,17,1732.3829999999998
24,18,2261.459
24,19,941.5389999999999
24,20,859.025
24,21,1680.3739999999998
24,22,838.531
24,23,1327.3809999999999
24,24,0.0
24,25,765.823
24,26,1663.3739999999998
24,27,3085.565
24,28,3072.561
24,29,4133.5689999999995
24,30,1784.009
24,31,2153.925
24,32,2002.2930000000001
24,33,2398.1130000000003
24,34,658.674
24,35,564.8779999999999
24,36,2386.513
24,37,3065.135
24,38,2167.066
24,39,1998.3500000000001
24,40,1144.3600000000001
24,41,1646.142
24,42,1543.5710000000001
24,43,1609.547
24,44,1858.8049999999998
24,45,1973.8000000000002
24,46,1501.531
24,47,2002.3520000000003
24,48,3044.9809999999998
24,49,3250.4559999999997
24,50,2948.555
24,51,2782.485
24,52,2429.189
24,53,2252.662
24,54,1597.3449999999998
24,55,2210.896
24,56,2302.52
24,57,1485.1709999999998
24,58,3444.8559999999998
24,59,2871.281
24,60,3334.304
24,61,3158.646
24,62,3599.9370000000004
24,63,2569.607
24,64,3492.2160000000003
24,65,2565.7329999999997
25,1,1182.5120000000002
25,2,1180.027
25,3,1694.2160000000001
25,4,1237.4000000000003
25,5,1196.317
25,6,2142.238
25,7,2534.801
25,8,2033.16
25,9,2627.5989999999997
25,10,3202.701
25,11,2546.3740000000003
25,12,4501.498
25,13,864.851
25,14,1511.596
25,15,1130.782
25,16,1691.354
25,17,2199.33
25,18,2583.197
25,19,1703.4380000000003
25,20,776.4440000000001
25,21,919.6819999999999
25,22,755.95
25,23,1270.218
25,24,765.8230000000001
25,25,0.0
25,26,902.6819999999999
25,27,2319.7419999999997
25,28,2306.738
25,29,3367.7460000000005
25,30,1023.317
25,31,1388.1019999999999
25,32,1241.601
25,33,1637.4210000000003
25,34,601.5110000000001
25,35,1031.825
25,36,1620.69
25,37,2299.312
25,38,1401.243
25,39,1232.527
25,40,1906.259
25,41,2408.041
25,42,2305.47
25,43,2371.446
25,44,2620.704
25,45,2735.6989999999996
25,46,2263.4300000000003
25,47,2764.2509999999997
25,48,2279.158
25,49,3717.403
25,50,3415.502
25,51,3249.4320000000002
25,52,2896.136
25,53,2719.609
25,54,2359.244
25,55,2972.7949999999996
25,56,2769.467
25,57,1952.118
25,58,2679.0330000000004
25,59,2105.458
25,60,2568.4809999999998
25,61,2392.823
25,62,2834.114
25,63,1803.784
25,64,2726.393
25,65,2887.471
26,1,2085.194
26,2,1263.8329999999999
26,3,802.424
26,4,2140.082
26,5,1280.1229999999998
26,6,3044.9199999999996
26,7,1648.278
26,8,2116.966
26,9,3530.2809999999995
26,10,2300.0190000000002
26,11,2630.18
26,12,3598.8160000000003
26,13,1767.533
26,14,2298.992
26,15,1875.262
26,16,1775.1599999999999
26,17,1312.807
26,18,1680.515
26,19,2606.12
26,20,1679.126
26,21,17.0
26,22,1658.632
26,23,378.426
26,24,1668.5049999999999
26,25,902.6819999999999
26,26,0.0
26,27,3116.2350000000006
26,28,3103.2310000000007
26,29,4128.374
26,30,1102.9389999999999
26,31,1577.46
26,32,1321.223
26,33,1717.0430000000001
26,34,1504.193
26,35,1115.6309999999999
26,36,2408.0860000000002
26,37,2565.549
26,38,2145.723
26,39,2135.209
26,40,2808.941
26,41,3310.723
26,42,3208.1519999999996
26,43,3272.115
26,44,2928.641
26,45,3636.3679999999995
26,46,3164.099
26,47,3666.9329999999995
26,48,2692.3860000000004
26,49,2830.8799999999997
26,50,2528.979
26,51,2362.909
26,52,2009.613
26,53,1833.086
26,54,2667.181
26,55,3307.332
26,56,2853.2729999999997
26,57,1065.595
26,58,3439.661
26,59,2866.0860000000002
26,60,3355.8770000000004
26,61,3180.2190000000005
26,62,3621.5100000000007
26,63,2591.1800000000003
26,64,3513.7890000000007
26,65,1984.7890000000002
27,1,2727.6499999999996
27,2,3397.763999999999
27,3,3908.2479999999996
27,4,2709.5359999999996
27,5,3414.053999999999
27,6,3614.3739999999993
27,7,4752.537999999999
27,8,4250.896999999999
27,9,4099.734999999999
27,10,5416.253999999999
27,11,4764.110999999999
27,12,6715.0509999999995
27,13,1439.1080000000002
27,14,817.243
27,15,1240.973
27,16,3909.0909999999994
27,17,4417.066999999999
27,18,4796.749999999999
27,19,3175.5739999999996
27,20,2248.58
27,21,3133.2349999999997
27,22,2269.074
27,23,3484.2499999999995
27,24,3069.782
27,25,2303.9590000000003
27,26,3116.2349999999997
27,27,0.0
27,28,13.004
27,29,1130.0
27,30,2013.2959999999998
27,31,1538.7749999999999
27,32,1795.0119999999997
27,33,2190.832
27,34,2905.4700000000003
27,35,3249.5619999999994
27,36,926.337
27,37,2449.9849999999997
27,38,1511.434
27,39,1096.312
27,40,3378.3949999999995
27,41,3880.1769999999997
27,42,3777.6059999999993
27,43,3843.5819999999994
27,44,4092.8399999999997
27,45,4207.834999999999
27,46,3735.566
27,47,4236.386999999999
27,48,1512.517
27,49,5935.139999999999
27,50,5633.239
27,51,5467.168999999999
27,52,5113.872999999999
27,53,4937.345999999999
27,54,3831.3799999999997
27,55,4444.931
27,56,4987.203999999999
27,57,4169.854999999999
27,58,765.242
27,59,1338.817
27,60,572.838
27,61,397.17999999999995
27,62,518.3710000000001
27,63,525.0550000000001
27,64,435.749
27,65,5101.023999999999
28,1,2739.526
28,2,3384.7599999999993
28,3,3895.2439999999997
28,4,2721.412
28,5,3401.0499999999993
28,6,3626.2499999999995
28,7,4739.534
28,8,4237.892999999999
28,9,4111.610999999999
28,10,5403.25
28,11,4751.106999999999
28,12,6702.0470000000005
28,13,1450.9840000000002
28,14,804.2389999999999
28,15,1227.969
28,16,3896.0869999999995
28,17,4404.062999999999
28,18,4783.745999999999
28,19,3187.45
28,20,2260.456
28,21,3120.2309999999998
28,22,2280.9500000000003
28,23,3471.2459999999996
28,24,3081.6580000000004
28,25,2315.835
28,26,3103.2309999999998
28,27,13.004
28,28,0.0
28,29,1116.9959999999999
28,30,2000.292
28,31,1525.771
28,32,1782.0079999999998
28,33,2177.828
28,34,2917.346
28,35,3236.5579999999995
28,36,913.3329999999999
28,37,2436.9809999999998
28,38,1498.43
28,39,1083.308
28,40,3390.2709999999997
28,41,3892.053
28,42,3789.4819999999995
28,43,3855.4579999999996
28,44,4104.716
28,45,4219.710999999999
28,46,3747.442
28,47,4248.262999999999
28,48,1499.5130000000001
28,49,5922.136
28,50,5620.235000000001
28,51,5454.165
28,52,5100.869
28,53,4924.342
28,54,3843.256
28,55,4456.807
28,56,4974.199999999999
28,57,4156.850999999999
28,58,752.238
28,59,1325.813
28,60,559.8340000000001
28,61,384.176
28,62,530.466
28,63,512.0509999999999
28,64,422.745
28,65,5088.0199999999995
29,1,3791.437
29,2,4436.671
29,3,4909.05
29,4,3773.323
29,5,4452.961
29,6,4678.161000000001
29,7,5754.904
29,8,5289.804
29,9,5163.522000000001
29,10,6274.614
29,11,5803.018
29,12,7573.411
29,13,2502.895
29,14,1856.15
29,15,2279.88
29,16,4947.9980000000005
29,17,5419.433000000001
29,18,5655.109999999999
29,19,4239.360999999999
29,20,3312.367
29,21,4123.626
29,22,3332.8610000000003
29,23,4485.052000000001
29,24,4133.569
29,25,3367.746
29,26,4106.626
29,27,1103.118
29,28,1116.1219999999998
29,29,0.0
29,30,3052.2030000000004
29,31,2577.6820000000002
29,32,2833.9190000000003
29,33,3229.7390000000005
29,34,3969.257
29,35,4288.469
29,36,1747.056
29,37,2410.772
29,38,2550.341
29,39,2135.219
29,40,4442.182000000001
29,41,4943.964000000001
29,42,4841.393000000001
29,43,4907.369
29,44,5156.6269999999995
29,45,5271.621999999999
29,46,4799.352999999999
29,47,5300.174000000001
29,48,1435.988
29,49,6937.506000000001
29,50,6635.605000000001
29,51,6464.378999999999
29,52,6116.2390000000005
29,53,5939.712
29,54,4895.1669999999995
29,55,5508.718
29,56,6026.111
29,57,5172.2210000000005
29,58,688.7130000000001
29,59,1262.288
29,60,855.5550000000001
29,61,1025.2730000000001
29,62,643.2239999999999
29,63,1614.312
29,64,692.998
29,65,5959.383999999999
30,1,2205.8289999999997
30,2,1384.468
30,3,1894.952
30,4,2260.7169999999996
30,5,1400.758
30,6,3165.5549999999994
30,7,2739.242
30,8,2237.601
30,9,3650.9159999999993
30,10,3402.9579999999996
30,11,2750.815
30,12,4701.754999999999
30,13,1839.7840000000003
30,14,1196.053
30,15,772.3230000000001
30,16,1895.795
30,17,2403.771
30,18,2783.4539999999997
30,19,2726.755
30,20,1799.7609999999997
30,21,1119.9389999999999
30,22,1779.2669999999998
30,23,1470.954
30,24,1789.1399999999999
30,25,1023.3169999999999
30,26,1102.9389999999999
30,27,2013.2959999999998
30,28,2000.292
30,29,3052.2030000000004
30,30,0.0
30,31,474.5210000000001
30,32,218.28400000000002
30,33,614.104
30,34,1624.828
30,35,1236.266
30,36,1305.1470000000002
30,37,1940.853
30,38,1042.784
30,39,1472.1080000000002
30,40,2929.5759999999996
30,41,3431.3579999999997
30,42,3328.7869999999994
30,43,3392.75
30,44,3049.2760000000003
30,45,3757.0029999999997
30,46,3284.7340000000004
30,47,3787.5679999999993
30,48,1963.6150000000002
30,49,3921.844
30,50,3619.943
30,51,3453.8730000000005
30,52,3100.577
30,53,2924.05
30,54,2787.8160000000003
30,55,3427.967
30,56,2973.908
30,57,2156.559
30,58,2363.4900000000002
30,59,1789.9150000000002
30,60,2252.9379999999996
30,61,2077.2799999999997
30,62,2518.571
30,63,1488.241
30,64,2410.85
30,65,3087.7279999999996
31,1,1850.8210000000001
31,2,1858.9889999999998
31,3,2369.473
31,4,1832.707
31,5,1875.2789999999998
31,6,2737.5449999999996
31,7,3213.763
31,8,2712.122
31,9,3222.9059999999995
31,10,3877.4790000000003
31,11,3225.336
31,12,5176.276
31,13,1365.263
31,14,721.5319999999999
31,15,297.80199999999996
31,16,2370.316
31,17,2878.292
31,18,3257.9750000000004
31,19,2298.7450000000003
31,20,1371.751
31,21,1594.46
31,22,1392.245
31,23,1945.475
31,24,2192.9529999999995
31,25,1427.1299999999999
31,26,1577.46
31,27,1538.7749999999999
31,28,1525.771
31,29,2577.6820000000002
31,30,474.52099999999996
31,31,0.0
31,32,256.23699999999997
31,33,652.057
31,34,2028.6409999999998
31,35,1710.7869999999998
31,36,830.626
31,37,1466.3319999999999
31,38,568.2629999999999
31,39,997.5869999999999
31,40,2501.566
31,41,3003.348
31,42,2900.7769999999996
31,43,2966.7529999999997
31,44,3216.011
31,45,3331.0059999999994
31,46,2858.737
31,47,3359.5579999999995
31,48,1489.094
31,49,4396.365
31,50,4094.464
31,51,3928.3940000000002
31,52,3575.098
31,53,3398.571
31,54,2954.551
31,55,3568.1019999999994
31,56,3448.4289999999996
31,57,2631.08
31,58,1888.969
31,59,1315.394
31,60,1778.417
31,61,1602.759
31,62,2044.0499999999997
31,63,1013.7199999999999
31,64,1936.329
31,65,3562.2490000000003
32,1,2107.058
32,2,1602.7519999999997
32,3,2113.236
32,4,2088.944
32,5,1619.0419999999997
32,6,2993.7819999999997
32,7,2957.526
32,8,2455.8849999999998
32,9,3479.1429999999996
32,10,3621.242
32,11,2969.0989999999997
32,12,4920.039000000001
32,13,1621.5000000000002
32,14,977.769
32,15,554.039
32,16,2114.0789999999997
32,17,2622.055
32,18,3001.7380000000003
32,19,2554.982
32,20,1627.988
32,21,1338.223
32,22,1648.482
32,23,1689.2379999999998
32,24,2007.4239999999998
32,25,1241.6009999999999
32,26,1321.223
32,27,1795.0119999999997
32,28,1782.0079999999998
32,29,2833.9190000000003
32,30,218.28400000000002
32,31,256.237
32,32,0.0
32,33,395.82000000000005
32,34,1843.1119999999999
32,35,1454.5499999999997
32,36,1086.863
32,37,1722.569
32,38,824.5
32,39,1253.824
32,40,2757.803
32,41,3259.585
32,42,3157.0139999999997
32,43,3222.99
32,44,3267.56
32,45,3587.2429999999995
32,46,3114.974
32,47,3615.7949999999996
32,48,1745.3310000000001
32,49,4140.128
32,50,3838.227
32,51,3672.157
32,52,3318.861
32,53,3142.334
32,54,3006.1
32,55,3646.2509999999997
32,56,3192.1919999999996
32,57,2374.843
32,58,2145.206
32,59,1571.631
32,60,2034.6539999999995
32,61,1858.9959999999996
32,62,2300.2869999999994
32,63,1269.9569999999999
32,64,2192.566
32,65,3306.012
33,1,2502.8779999999997
33,2,1998.572
33,3,2509.056
33,4,2484.7639999999997
33,5,2014.8619999999999
33,6,3389.6019999999994
33,7,3353.346
33,8,2851.705
33,9,3874.9629999999993
33,10,4017.062
33,11,3364.919
33,12,5315.859
33,13,2017.32
33,14,1373.589
33,15,949.859
33,16,2509.899
33,17,3017.875
33,18,3397.558
33,19,2950.8019999999997
33,20,2023.808
33,21,1734.0429999999997
33,22,2044.302
33,23,2085.058
33,24,2403.2439999999997
33,25,1637.4209999999998
33,26,1717.0429999999997
33,27,2190.832
33,28,2177.828
33,29,3229.7390000000005
33,30,614.1039999999999
33,31,652.057
33,32,395.81999999999994
33,33,0.0
33,34,2238.932
33,35,1850.37
33,36,1482.683
33,37,2118.389
33,38,1220.32
33,39,1649.6439999999998
33,40,3153.6229999999996
33,41,3655.4049999999997
33,42,3552.8339999999994
33,43,3618.8099999999995
33,44,3663.38
33,45,3983.062999999999
33,46,3510.794
33,47,4011.6149999999993
33,48,2141.1510000000003
33,49,4535.948
33,50,4234.0470000000005
33,51,4067.9770000000003
33,52,3714.681
33,53,3538.154
33,54,3401.92
33,55,4042.071
33,56,3588.0119999999997
33,57,2770.663
33,58,2541.0260000000003
33,59,1967.4510000000002
33,60,2430.4739999999997
33,61,2254.816
33,62,2696.107
33,63,1665.777
33,64,2588.386
33,65,3701.832
34,1,1075.3629999999998
34,2,578.516
34,3,1092.705
34,4,1134.175
34,5,594.8059999999999
34,6,2039.0129999999997
34,7,1933.29
34,8,1431.649
34,9,2524.374
34,10,2667.081
34,11,1944.8629999999998
34,12,3965.878
34,13,1687.751
34,14,2321.388
34,15,1897.6580000000001
34,16,1089.8429999999998
34,17,1597.819
34,18,2047.577
34,19,1600.213
34,20,921.188
34,21,1021.6999999999999
34,22,900.694
34,23,668.707
34,24,658.674
34,25,822.9
34,26,1004.6999999999999
34,27,3138.6310000000003
34,28,3125.6270000000004
34,29,4177.538
34,30,1125.335
34,31,1599.8560000000002
34,32,1343.6190000000001
34,33,1739.4390000000003
34,34,0.0
34,35,430.31399999999996
34,36,2430.482
34,37,2805.0860000000002
34,38,2168.119
34,39,2055.427
34,40,1803.0339999999997
34,41,2304.816
34,42,2202.245
34,43,2268.2209999999995
34,44,2243.324
34,45,2632.4739999999993
34,46,2160.205
34,47,2661.026
34,48,2931.9230000000007
34,49,3115.892
34,50,2813.991
34,51,2647.9210000000003
34,52,2294.625
34,53,2118.098
34,54,1981.864
34,55,2622.015
34,56,2167.9559999999997
34,57,1350.607
34,58,3488.825
34,59,2915.25
34,60,3378.273
34,61,3202.6150000000002
34,62,3643.9060000000004
34,63,2613.576
34,64,3536.1850000000004
34,65,2351.851
35,1,976.007
35,2,148.202
35,3,690.218
35,4,1034.819
35,5,164.492
35,6,1939.657
35,7,1502.976
35,8,1001.335
35,9,2425.018
35,10,2316.085
35,11,1514.549
35,12,3614.882
35,13,1888.9700000000003
35,14,2432.3190000000004
35,15,2008.5890000000002
35,16,659.529
35,17,1167.505
35,18,1696.581
35,19,1500.857
35,20,1122.407
35,21,1132.6309999999999
35,22,1101.913
35,23,779.638
35,24,559.318
35,25,1024.1190000000001
35,26,1115.6309999999999
35,27,3249.562000000001
35,28,3236.558000000001
35,29,4288.469
35,30,1236.266
35,31,1710.7870000000003
35,32,1454.5500000000002
35,33,1850.3700000000003
35,34,430.31399999999996
35,35,0.0
35,36,2541.4130000000005
35,37,2916.0170000000003
35,38,2279.05
35,39,2256.646
35,40,1703.6779999999999
35,41,2205.46
35,42,2102.889
35,43,2156.484
35,44,1813.0100000000002
35,45,2520.7369999999996
35,46,2048.468
35,47,2561.67
35,48,3042.8540000000007
35,49,2685.578
35,50,2383.677
35,51,2217.607
35,52,1864.3110000000001
35,53,1687.784
35,54,1551.5500000000002
35,55,2191.701
35,56,1737.642
35,57,920.293
35,58,3599.7560000000003
35,59,3026.1810000000005
35,60,3489.2040000000006
35,61,3313.5460000000007
35,62,3754.837000000001
35,63,2724.5070000000005
35,64,3647.116000000001
35,65,2000.855
36,1,2044.381
36,2,2689.615
36,3,3200.099
36,4,2026.267
36,5,2705.9049999999997
36,6,2931.1049999999996
36,7,4044.3889999999997
36,8,3542.748
36,9,3416.4659999999994
36,10,4708.105000000001
36,11,4055.962
36,12,6006.902000000002
36,13,755.8389999999999
36,14,109.094
36,15,532.8240000000001
36,16,3200.942
36,17,3708.9179999999997
36,18,4088.6010000000006
36,19,2492.3050000000003
36,20,1565.311
36,21,2425.0860000000002
36,22,1585.8049999999998
36,23,2776.101
36,24,2386.513
36,25,1620.69
36,26,2408.0860000000002
36,27,926.3370000000001
36,28,913.3330000000001
36,29,1747.056
36,30,1305.1470000000002
36,31,830.6260000000001
36,32,1086.863
36,33,1482.683
36,34,2222.201
36,35,2541.413
36,36,0.0
36,37,1633.252
36,38,803.2850000000001
36,39,388.16299999999995
36,40,2695.1259999999997
36,41,3196.908
36,42,3094.3369999999995
36,43,3160.313
36,44,3409.571
36,45,3524.566
36,46,3052.297
36,47,3553.1179999999995
36,48,658.4680000000001
36,49,5226.991
36,50,4925.09
36,51,4759.0199999999995
36,52,4405.724
36,53,4229.197
36,54,3148.111
36,55,3761.662
36,56,4279.055
36,57,3461.7059999999997
36,58,1058.343
36,59,484.76800000000003
36,60,1165.979
36,61,990.321
36,62,1431.612
36,63,401.282
36,64,1323.891
36,65,4392.875000000001
37,1,1861.0870000000002
37,2,2464.8590000000004
37,3,2975.3430000000003
37,4,1842.9730000000002
37,5,2481.1490000000003
37,6,2747.8109999999997
37,7,3819.6330000000003
37,8,3317.9920000000006
37,9,3233.1719999999996
37,10,4483.349
37,11,3831.2060000000006
37,12,5782.146000000001
37,13,1375.529
37,14,731.798
37,15,308.068
37,16,2976.1860000000006
37,17,3484.1620000000003
37,18,3863.8450000000003
37,19,2309.0110000000004
37,20,1382.017
37,21,2200.33
37,22,1402.511
37,23,2551.3450000000003
37,24,2203.219
37,25,1437.396
37,26,2183.33
37,27,1549.041
37,28,1536.037
37,29,2587.9480000000003
37,30,1080.391
37,31,605.87
37,32,862.107
37,33,1257.9270000000001
37,34,2038.907
37,35,2316.657
37,36,840.892
37,37,0.0
37,38,578.529
37,39,1007.853
37,40,2511.832
37,41,3013.614
37,42,2911.0429999999997
37,43,2977.0190000000002
37,44,3226.277
37,45,3341.272
37,46,2869.003
37,47,3369.8239999999996
37,48,1499.3600000000001
37,49,5002.235000000001
37,50,4700.334000000001
37,51,4534.264
37,52,4180.968
37,53,4004.4410000000003
37,54,2964.817
37,55,3578.368
37,56,4054.2990000000004
37,57,3236.9500000000003
37,58,1899.2350000000001
37,59,1325.66
37,60,1788.683
37,61,1613.025
37,62,2054.316
37,63,1023.986
37,64,1946.595
37,65,4168.119000000001
38,1,1282.5580000000002
38,2,2038.894
38,3,2553.083
38,4,1264.4440000000002
38,5,2055.184
38,6,2169.2819999999997
38,7,3393.668
38,8,2892.0270000000005
38,9,2654.6429999999996
38,10,4061.568
38,11,3405.2410000000004
38,12,5360.365
38,13,797.0
38,14,708.3929999999999
38,15,1132.123
38,16,2550.2210000000005
38,17,3058.197
38,18,3442.0640000000003
38,19,1730.4820000000002
38,20,803.4879999999999
38,21,1778.549
38,22,823.982
38,23,2129.085
38,24,1624.6899999999998
38,25,858.867
38,26,1761.549
38,27,1525.6359999999997
38,28,1512.6319999999998
38,29,2564.543
38,30,1882.184
38,31,1407.917
38,32,1664.154
38,33,2059.974
38,34,1460.378
38,35,1890.692
38,36,817.4869999999999
38,37,2319.127
38,38,0.0
38,39,429.32399999999996
38,40,1933.3029999999999
38,41,2435.085
38,42,2332.5139999999997
38,43,2398.49
38,44,2647.748
38,45,2762.7429999999995
38,46,2290.474
38,47,2791.2949999999996
38,48,1475.955
38,49,4576.27
38,50,4274.369000000001
38,51,4108.299
38,52,3755.003
38,53,3578.476
38,54,2386.288
38,55,2999.8389999999995
38,56,3628.3340000000003
38,57,2810.985
38,58,1875.83
38,59,1302.2549999999999
38,60,1765.2779999999998
38,61,1589.62
38,62,2030.9109999999996
38,63,1000.5809999999999
38,64,1923.1899999999998
38,65,3746.338
39,1,1656.218
39,2,2412.554
39,3,2926.743
39,4,1638.104
39,5,2428.844
39,6,2542.9419999999996
39,7,3767.328
39,8,3265.6870000000004
39,9,3028.3029999999994
39,10,4435.228000000001
39,11,3778.9010000000003
39,12,5734.0250000000015
39,13,367.67600000000004
39,14,279.06899999999996
39,15,702.799
39,16,2923.8810000000003
39,17,3431.857
39,18,3815.724
39,19,2104.1420000000003
39,20,1177.148
39,21,2152.209
39,22,1197.6419999999998
39,23,2502.745
39,24,1998.35
39,25,1232.527
39,26,2135.209
39,27,1096.312
39,28,1083.308
39,29,2135.219
39,30,1475.122
39,31,1000.601
39,32,1256.838
39,33,1652.658
39,34,1834.038
39,35,2264.352
39,36,388.16299999999995
39,37,1911.8109999999997
39,38,429.32400000000007
39,39,0.0
39,40,2306.9629999999997
39,41,2808.745
39,42,2706.1739999999995
39,43,2772.1499999999996
39,44,3021.408
39,45,3136.4029999999993
39,46,2664.134
39,47,3164.9549999999995
39,48,1046.6309999999999
39,49,4949.93
39,50,4648.029
39,51,4481.959
39,52,4128.663
39,53,3952.136
39,54,2759.948
39,55,3373.4989999999993
39,56,4001.994
39,57,3184.645
39,58,1446.5059999999999
39,59,872.9309999999999
39,60,1335.9539999999997
39,61,1160.2959999999998
39,62,1601.5869999999995
39,63,571.257
39,64,1493.8659999999998
39,65,4119.9980000000005
40,1,724.253
40,2,1550.3359999999998
40,3,2059.7719999999995
40,4,706.139
40,5,1534.0459999999998
40,6,235.979
40,7,2771.8329999999996
40,8,2259.0119999999997
40,9,721.3399999999999
40,10,3685.638999999999
40,11,2669.788
40,12,4984.436
40,13,1974.344
40,14,2621.089
40,15,2240.275
40,16,2022.87
40,17,2532.067
40,18,3066.1349999999993
40,19,1172.177
40,20,1166.589
40,21,2831.169
40,22,1146.095
40,23,2478.176
40,24,1961.4519999999998
40,25,1913.821
40,26,2814.169
40,27,3429.235
40,28,3416.231
40,29,4477.239
40,30,2934.8039999999996
40,31,2497.5950000000003
40,32,2753.8320000000003
40,33,3149.6520000000005
40,34,1813.826
40,35,1698.5379999999998
40,36,2730.183
40,37,3408.8050000000003
40,38,2510.736
40,39,2342.02
40,40,0.0
40,41,501.78200000000004
40,42,399.211
40,43,1659.648
40,44,1970.2569999999996
40,45,1625.925
40,46,1211.879
40,47,857.992
40,48,3388.651
40,49,3954.4349999999995
40,50,3652.5339999999997
40,51,3486.464
40,52,3133.1679999999997
40,53,2956.6409999999996
40,54,1708.7969999999996
40,55,2230.68
40,56,2892.881
40,57,2289.8469999999998
40,58,3788.526
40,59,3214.951
40,60,3677.974
40,61,3502.3160000000003
40,62,3943.6070000000004
40,63,2913.277
40,64,3835.8860000000004
40,65,3370.408999999999
41,1,1226.0350000000003
41,2,2052.1180000000004
41,3,2561.554
41,4,1207.9210000000003
41,5,2035.8280000000002
41,6,265.803
41,7,2801.6569999999997
41,8,2288.836
41,9,751.164
41,10,3930.9700000000003
41,11,2699.612
41,12,5229.767
41,13,2476.126
41,14,3122.871
41,15,2742.0570000000002
41,16,2524.652
41,17,3033.849
41,18,3567.9170000000004
41,19,1673.9590000000003
41,20,1668.3710000000003
41,21,3332.9510000000005
41,22,1647.8770000000004
41,23,2979.9580000000005
41,24,2463.2340000000004
41,25,2415.6030000000005
41,26,3315.9510000000005
41,27,3931.0170000000003
41,28,3918.0130000000004
41,29,4979.021
41,30,3436.5860000000002
41,31,2999.3770000000004
41,32,3255.6140000000005
41,33,3651.4340000000007
41,34,2315.608
41,35,2200.3200000000006
41,36,3231.965
41,37,3910.5870000000004
41,38,3012.518
41,39,2843.802
41,40,501.782
41,41,0.0
41,42,429.03499999999997
41,43,1689.472
41,44,2000.0809999999997
41,45,1655.749
41,46,1241.703
41,47,887.816
41,48,3890.433
41,49,3984.2589999999996
41,50,3682.3579999999997
41,51,3516.288
41,52,3162.9919999999997
41,53,2986.4649999999997
41,54,1738.6209999999996
41,55,2260.504
41,56,2922.705
41,57,2791.6290000000004
41,58,4290.308
41,59,3716.733
41,60,4179.756
41,61,4004.0980000000004
41,62,4445.389
41,63,3415.059
41,64,4337.668000000001
41,65,3872.1910000000003
42,1,1123.4640000000002
42,2,1949.547
42,3,2458.9829999999997
42,4,1105.3500000000001
42,5,1933.257
42,6,163.232
42,7,2372.622
42,8,1859.801
42,9,322.129
42,10,3501.9350000000004
42,11,2270.5769999999998
42,12,4800.732
42,13,2373.5550000000003
42,14,3020.3
42,15,2639.486
42,16,2201.607
42,17,2708.093
42,18,3465.3459999999995
42,19,1571.3880000000001
42,20,1565.8
42,21,3230.3799999999997
42,22,1545.306
42,23,2877.3869999999997
42,24,2360.663
42,25,2313.032
42,26,3213.3799999999997
42,27,3828.4460000000004
42,28,3815.4420000000005
42,29,4876.45
42,30,3334.0149999999994
42,31,2896.806
42,32,3153.043
42,33,3548.8630000000003
42,34,2213.0370000000003
42,35,2097.749
42,36,3129.3940000000002
42,37,3808.016
42,38,2909.9469999999997
42,39,2741.231
42,40,399.211
42,41,429.03499999999997
42,42,0.0
42,43,1260.4370000000001
42,44,1571.0459999999998
42,45,1226.714
42,46,812.668
42,47,458.78100000000006
42,48,3787.862
42,49,3555.2239999999997
42,50,3253.323
42,51,3087.253
42,52,2733.957
42,53,2557.43
42,54,1309.5859999999998
42,55,1831.4689999999998
42,56,2493.6699999999996
42,57,2689.058
42,58,4187.737
42,59,3614.1620000000003
42,60,4077.1850000000004
42,61,3901.5270000000005
42,62,4342.818000000001
42,63,3312.4880000000003
42,64,4235.097000000001
42,65,3592.248
43,1,1560.4620000000002
43,2,2345.486
43,3,2851.028
43,4,1542.3480000000002
43,5,2329.196
43,6,1423.6689999999999
43,7,2005.174
43,8,1492.353
43,9,938.308
43,10,3134.4870000000005
43,11,1040.457
43,12,3906.606999999999
43,13,2810.553
43,14,3457.298
43,15,3076.484
43,16,1834.159
43,17,2340.645
43,18,3116.844
43,19,2008.3860000000002
43,20,2002.798
43,21,3626.319
43,22,1982.304
43,23,3273.326
43,24,2756.602
43,25,2750.03
43,26,3609.319
43,27,4265.444
43,28,4252.4400000000005
43,29,5313.447999999999
43,30,3729.9539999999997
43,31,3333.804
43,32,3590.041
43,33,3985.8610000000003
43,34,2650.035
43,35,2493.688
43,36,3566.392
43,37,4245.014
43,38,3346.9449999999997
43,39,3178.229
43,40,1659.648
43,41,1689.4719999999998
43,42,1260.437
43,43,0.0
43,44,680.678
43,45,392.768
43,46,475.336
43,47,801.6560000000001
43,48,4224.86
43,49,2529.8989999999994
43,50,2831.7999999999993
43,51,2719.8050000000003
43,52,2366.509
43,53,2189.982
43,54,942.138
43,55,601.3489999999999
43,56,1263.5500000000002
43,57,2587.857
43,58,4624.735
43,59,4051.16
43,60,4514.183000000001
43,61,4338.525000000001
43,62,4779.816000000001
43,63,3749.486
43,64,4672.095000000001
43,65,3224.8
44,1,1313.1510000000003
44,2,1664.808
44,3,2170.35
44,4,1295.0370000000003
44,5,1648.518
44,6,1645.9989999999998
44,7,1324.496
44,8,811.6750000000001
44,9,1160.638
44,10,2453.809
44,11,829.455
44,12,3697.5550000000003
44,13,2563.242
44,14,3209.987
44,15,2829.1730000000002
44,16,1153.481
44,17,1659.967
44,18,2436.166
44,19,1761.0750000000003
44,20,1755.4870000000003
44,21,2945.641
44,22,1734.9930000000004
44,23,2592.648
44,24,2075.924
44,25,2502.7190000000005
44,26,2928.641
44,27,4018.1330000000003
44,28,4005.1290000000004
44,29,5066.137
44,30,3049.276
44,31,3086.4930000000004
44,32,3267.56
44,33,3663.38
44,34,2243.324
44,35,1813.01
44,36,3319.081
44,37,3997.7030000000004
44,38,3099.634
44,39,2930.918
44,40,1881.9779999999998
44,41,1911.8019999999997
44,42,1482.7669999999998
44,43,778.115
44,44,0.0
44,45,759.008
44,46,670.099
44,47,1297.29
44,48,3977.549
44,49,2320.847
44,50,2205.197
44,51,2039.1270000000002
44,52,1685.8310000000001
44,53,1509.304
44,54,261.46000000000004
44,55,392.297
44,56,1052.548
44,57,1907.179
44,58,4377.424
44,59,3803.849
44,60,4266.872
44,61,4091.2140000000004
44,62,4532.505
44,63,3502.175
44,64,4424.784000000001
44,65,2544.122
45,1,1586.3270000000002
45,2,2348.892
45,3,2854.4339999999997
45,4,1568.2130000000002
45,5,2332.602
45,6,1389.946
45,7,2008.58
45,8,1495.759
45,9,904.585
45,10,3137.8930000000005
45,11,1043.863
45,12,3910.013
45,13,2836.4180000000006
45,14,3483.1630000000005
45,15,3102.349
45,16,1837.565
45,17,2344.051
45,18,3120.25
45,19,2034.2510000000002
45,20,2028.6630000000002
45,21,3629.725
45,22,2008.1690000000003
45,23,3276.732
45,24,2760.008
45,25,2775.8950000000004
45,26,3612.725
45,27,4291.309000000001
45,28,4278.305000000001
45,29,5339.313
45,30,3733.3599999999997
45,31,3359.6690000000003
45,32,3615.9060000000004
45,33,4011.7260000000006
45,34,2675.9
45,35,2497.094
45,36,3592.2570000000005
45,37,4270.879000000001
45,38,3372.81
45,39,3204.0940000000005
45,40,1625.925
45,41,1655.7489999999998
45,42,1226.714
45,43,494.53000000000003
45,44,684.0840000000001
45,45,0.0
45,46,501.358
45,47,767.9330000000001
45,48,4250.725
45,49,2533.305
45,50,2835.2059999999997
45,51,2723.2110000000002
45,52,2369.915
45,53,2193.388
45,54,945.5440000000001
45,55,604.755
45,56,1266.9560000000001
45,57,2591.263
45,58,4650.6
45,59,4077.0250000000005
45,60,4540.048000000002
45,61,4364.390000000001
45,62,4805.681000000001
45,63,3775.3510000000006
45,64,4697.960000000002
45,65,3228.206
46,1,1085.1260000000002
46,2,1900.266
46,3,2405.808
46,4,1067.0120000000002
46,5,1883.976
46,6,975.9
46,7,1559.9540000000002
46,8,1047.133
46,9,490.539
46,10,2689.2670000000007
46,11,1515.7930000000001
46,12,3988.0640000000008
46,13,2335.2170000000006
46,14,2981.9620000000004
46,15,2601.148
46,16,1388.939
46,17,1895.4250000000002
46,18,2671.6240000000003
46,19,1533.0500000000002
46,20,1527.4620000000002
46,21,3181.0989999999997
46,22,1506.9680000000003
46,23,2828.1059999999998
46,24,2311.382
46,25,2274.6940000000004
46,26,3164.0989999999997
46,27,3790.1080000000006
46,28,3777.1040000000007
46,29,4838.112
46,30,3284.7339999999995
46,31,2858.4680000000003
46,32,3114.7050000000004
46,33,3510.5250000000005
46,34,2174.6990000000005
46,35,2048.468
46,36,3091.0560000000005
46,37,3769.6780000000003
46,38,2871.609
46,39,2702.8930000000005
46,40,1211.879
46,41,1241.703
46,42,812.668
46,43,475.336
46,44,758.3779999999999
46,45,501.358
46,46,0.0
46,47,627.191
46,48,3749.5240000000003
46,49,2742.556
46,50,2440.655
46,51,2274.5850000000005
46,52,1921.2890000000002
46,53,1744.7620000000002
46,54,496.91799999999995
46,55,1076.685
46,56,1738.8860000000002
46,57,2142.637
46,58,4149.399
46,59,3575.8240000000005
46,60,4038.8470000000007
46,61,3863.1890000000008
46,62,4304.480000000001
46,63,3274.1500000000005
46,64,4196.759000000001
46,65,2779.5800000000004
47,1,1582.2450000000001
47,2,2408.328
47,3,2917.7639999999997
47,4,1564.131
47,5,2392.038
47,6,622.0129999999999
47,7,2187.145
47,8,1674.324
47,9,136.652
47,10,3316.4580000000005
47,11,1811.7960000000003
47,12,4615.255000000001
47,13,2832.3360000000002
47,14,3479.081
47,15,3098.267
47,16,2016.13
47,17,2522.616
47,18,3298.815
47,19,2030.169
47,20,2024.581
47,21,3689.1609999999996
47,22,2004.087
47,23,3336.1679999999997
47,24,2819.444
47,25,2771.813
47,26,3672.1609999999996
47,27,4287.227000000001
47,28,4274.223000000001
47,29,5335.231
47,30,3792.7959999999994
47,31,3355.587
47,32,3611.824
47,33,4007.6440000000002
47,34,2671.8179999999998
47,35,2556.5299999999997
47,36,3588.175
47,37,4266.7970000000005
47,38,3368.7279999999996
47,39,3200.012
47,40,857.992
47,41,887.8159999999999
47,42,458.78099999999995
47,43,801.6559999999998
47,44,1385.569
47,45,767.9330000000001
47,46,627.191
47,47,0.0
47,48,4246.643
47,49,3301.2379999999994
47,50,3067.846
47,51,2901.7760000000003
47,52,2548.48
47,53,2371.953
47,54,1124.109
47,55,1372.688
47,56,2034.8890000000004
47,57,2769.828
47,58,4646.518
47,59,4072.943
47,60,4535.966000000001
47,61,4360.308000000001
47,62,4801.599000000001
47,63,3771.2690000000002
47,64,4693.8780000000015
47,65,3406.771
48,1,2702.849
48,2,3165.87
48,3,3473.062
48,4,2684.735
48,5,3182.16
48,6,3589.573
48,7,4318.915999999999
48,8,4019.003
48,9,4074.9339999999997
48,10,4838.626
48,11,4532.217000000001
48,12,6137.423000000001
48,13,1414.3070000000002
48,14,767.5620000000001
48,15,1191.2920000000001
48,16,3677.197
48,17,3983.4449999999997
48,18,4219.121999999999
48,19,3150.773
48,20,2223.779
48,21,2687.638
48,22,2244.273
48,23,3049.064
48,24,3044.9810000000007
48,25,2279.1580000000004
48,26,2670.638
48,27,1512.5169999999998
48,28,1499.513
48,29,1435.988
48,30,1963.6150000000002
48,31,1489.094
48,32,1745.3310000000001
48,33,2141.1510000000003
48,34,2880.6690000000003
48,35,3017.6679999999997
48,36,658.4680000000001
48,37,974.784
48,38,1461.7530000000002
48,39,1046.631
48,40,3353.594
48,41,3855.376
48,42,3752.805
48,43,3818.781
48,44,4068.039
48,45,4183.034
48,46,3710.7650000000003
48,47,4211.585999999999
48,48,0.0
48,49,5501.518
48,50,5199.617
48,51,5028.391
48,52,4680.250999999999
48,53,4503.723999999999
48,54,3806.579
48,55,4420.13
48,56,4755.31
48,57,3736.2329999999997
48,58,747.2750000000001
48,59,173.7
48,60,939.6790000000001
48,61,1115.337
48,62,1481.786
48,63,1059.75
48,64,1102.236
48,65,4523.396
49,1,3365.23
49,2,2537.425
49,3,2028.4560000000001
49,4,3367.4940000000006
49,5,2522.307
49,6,3718.456
49,7,1182.602
49,8,1695.4230000000002
49,9,3233.0950000000003
49,10,1242.0529999999999
49,11,1549.1060000000002
49,12,2039.3369999999998
49,13,4574.597
49,14,5117.946
49,15,4694.215999999999
49,16,2027.27
49,17,1518.073
49,18,1940.917
49,19,2877.9629999999997
49,20,3807.5660000000003
49,21,2813.88
49,22,3787.072
49,23,2452.454
49,24,2948.541
49,25,3709.746
49,26,2830.88
49,27,5935.188999999999
49,28,5922.1849999999995
49,29,6959.253999999999
49,30,3921.893
49,31,4396.414
49,32,4140.177
49,33,4535.996999999999
49,34,3115.9410000000003
49,35,2685.6270000000004
49,36,5227.04
49,37,5396.429
49,38,4964.677
49,39,4942.272999999999
49,40,3954.435
49,41,3984.2590000000005
49,42,3555.224
49,43,2850.572
49,44,2320.8469999999998
49,45,2533.305
49,46,2742.5560000000005
49,47,3301.2379999999994
49,48,5523.266
49,49,0.0
49,50,301.901
49,51,827.371
49,52,1174.3210000000001
49,53,997.7940000000001
49,54,2245.6380000000004
49,55,1928.5500000000002
49,56,1326.0130000000001
49,57,1765.285
49,58,6270.540999999999
49,59,5696.965999999999
49,60,6174.831
49,61,5999.173
49,62,6440.464
49,63,5410.134
49,64,6332.743
49,65,1332.366
50,1,3063.329
50,2,2235.5240000000003
50,3,1726.555
50,4,3065.593
50,5,2220.406
50,6,3416.5550000000003
50,7,880.701
50,8,1393.522
50,9,2931.1940000000004
50,10,940.152
50,11,1851.0070000000003
50,12,2238.949
50,13,4272.696
50,14,4816.045
50,15,4392.315
50,16,1725.3690000000001
50,17,1216.172
50,18,1639.0159999999998
50,19,2576.062
50,20,3505.6650000000004
50,21,2511.979
50,22,3485.1710000000003
50,23,2150.553
50,24,2646.6400000000003
50,25,3407.8450000000003
50,26,2528.979
50,27,5633.288
50,28,5620.284
50,29,6657.352999999999
50,30,3619.992
50,31,4094.5130000000004
50,32,3838.2760000000003
50,33,4234.0960000000005
50,34,2814.0400000000004
50,35,2383.7260000000006
50,36,4925.139
50,37,5094.528
50,38,4662.776
50,39,4640.371999999999
50,40,3652.534
50,41,3682.3580000000006
50,42,3253.3230000000003
50,43,2548.6710000000003
50,44,2205.197
50,45,2835.2059999999997
50,46,2440.655
50,47,3067.8460000000005
50,48,5221.365
50,49,301.901
50,50,0.0
50,51,525.47
50,52,872.4200000000001
50,53,695.893
50,54,1943.737
50,55,2230.451
50,56,1627.9140000000002
50,57,1463.384
50,58,5968.639999999999
50,59,5395.065
50,60,5872.93
50,61,5697.272
50,62,6138.563
50,63,5108.233
50,64,6030.842000000001
50,65,1030.4650000000001
51,1,2897.259
51,2,2069.454
51,3,1560.4850000000001
51,4,2899.523
51,5,2054.3360000000002
51,6,3250.4850000000006
51,7,714.6310000000001
51,8,1227.4520000000002
51,9,2765.1240000000007
51,10,414.682
51,11,1740.6660000000002
51,12,1713.479
51,13,4106.625999999999
51,14,4649.975
51,15,4226.245
51,16,1559.299
51,17,1050.102
51,18,1113.5459999999998
51,19,2409.9919999999997
51,20,3339.5950000000003
51,21,2345.909
51,22,3319.101
51,23,1984.4830000000002
51,24,2480.57
51,25,3241.7749999999996
51,26,2362.909
51,27,5467.218
51,28,5454.214
51,29,6491.282999999999
51,30,3453.9219999999996
51,31,3928.4429999999998
51,32,3672.2059999999997
51,33,4068.026
51,34,2647.97
51,35,2217.656
51,36,4759.069
51,37,4928.4580000000005
51,38,4496.706
51,39,4474.301999999999
51,40,3486.4640000000004
51,41,3516.288000000001
51,42,3087.2530000000006
51,43,2382.6010000000006
51,44,2039.1270000000004
51,45,2746.8540000000003
51,46,2274.5850000000005
51,47,2901.7760000000007
51,48,5055.295
51,49,827.3710000000001
51,50,525.47
51,51,0.0
51,52,706.3500000000001
51,53,529.8230000000001
51,54,1777.6670000000004
51,55,2417.818
51,56,1963.7590000000002
51,57,1297.314
51,58,5802.57
51,59,5228.995
51,60,5706.860000000001
51,61,5531.202
51,62,5972.493
51,63,4942.1630000000005
51,64,5864.772000000001
51,65,504.995
52,1,2543.963
52,2,1716.1580000000001
52,3,1207.189
52,4,2546.227
52,5,1701.0400000000002
52,6,2897.1889999999994
52,7,361.335
52,8,874.156
52,9,2411.8279999999995
52,10,1121.032
52,11,1387.37
52,12,2419.8289999999997
52,13,3753.33
52,14,4296.679
52,15,3872.949
52,16,1206.0030000000002
52,17,696.806
52,18,1473.005
52,19,2056.696
52,20,2986.2990000000004
52,21,1992.613
52,22,2965.8050000000003
52,23,1631.1870000000001
52,24,2127.2740000000003
52,25,2888.479
52,26,2009.613
52,27,5113.922
52,28,5100.918
52,29,6137.986999999999
52,30,3100.6259999999997
52,31,3575.147
52,32,3318.91
52,33,3714.73
52,34,2294.674
52,35,1864.3600000000001
52,36,4405.773
52,37,4575.162
52,38,4143.41
52,39,4121.006
52,40,3133.167999999999
52,41,3162.9919999999997
52,42,2733.9569999999994
52,43,2029.3049999999998
52,44,1685.8310000000001
52,45,2393.5579999999995
52,46,1921.2889999999998
52,47,2548.4799999999996
52,48,4701.999
52,49,1174.3210000000001
52,50,872.4200000000001
52,51,706.35
52,52,0.0
52,53,176.527
52,54,1424.371
52,55,2064.522
52,56,1610.463
52,57,944.018
52,58,5449.273999999999
52,59,4875.699
52,60,5353.564
52,61,5177.906
52,62,5619.197
52,63,4588.867
52,64,5511.476000000001
52,65,1211.345
53,1,2367.436
53,2,1539.631
53,3,1030.662
53,4,2369.7
53,5,1524.5130000000001
53,6,2720.6619999999994
53,7,184.808
53,8,697.629
53,9,2235.3009999999995
53,10,944.5050000000001
53,11,1210.843
53,12,2243.302
53,13,3576.803
53,14,4120.152
53,15,3696.422
53,16,1029.476
53,17,520.279
53,18,1296.478
53,19,1880.1689999999999
53,20,2809.7720000000004
53,21,1816.086
53,22,2789.2780000000002
53,23,1454.66
53,24,1950.747
53,25,2711.9519999999998
53,26,1833.086
53,27,4937.3949999999995
53,28,4924.391
53,29,5961.459999999998
53,30,2924.0989999999997
53,31,3398.62
53,32,3142.383
53,33,3538.203
53,34,2118.147
53,35,1687.833
53,36,4229.246
53,37,4398.635
53,38,3966.883
53,39,3944.479
53,40,2956.640999999999
53,41,2986.4649999999997
53,42,2557.4299999999994
53,43,1852.7779999999998
53,44,1509.304
53,45,2217.031
53,46,1744.7619999999997
53,47,2371.9529999999995
53,48,4525.471999999999
53,49,997.7940000000001
53,50,695.893
53,51,529.8230000000001
53,52,176.527
53,53,0.0
53,54,1247.844
53,55,1887.995
53,56,1433.9360000000001
53,57,767.491
53,58,5272.7469999999985
53,59,4699.171999999999
53,60,5177.037
53,61,5001.379
53,62,5442.67
53,63,4412.34
53,64,5334.9490000000005
53,65,1034.8180000000002
54,1,1139.9700000000003
54,2,1403.348
54,3,1908.89
54,4,1121.8560000000002
54,5,1387.058
54,6,1472.8179999999998
54,7,1063.036
54,8,550.215
54,9,987.457
54,10,2192.349
54,11,1063.429
54,12,3491.146
54,13,2390.0610000000006
54,14,3036.8060000000005
54,15,2655.992
54,16,892.021
54,17,1398.507
54,18,2174.706
54,19,1587.8940000000002
54,20,1582.3060000000003
54,21,2684.181
54,22,1561.8120000000004
54,23,2331.188
54,24,1814.464
54,25,2329.5380000000005
54,26,2667.181
54,27,3844.9520000000007
54,28,3831.948000000001
54,29,4892.956
54,30,2787.816
54,31,2913.3120000000004
54,32,3006.1
54,33,3401.92
54,34,1981.864
54,35,1551.55
54,36,3145.9000000000005
54,37,3824.5220000000004
54,38,2926.453
54,39,2757.7370000000005
54,40,1708.7969999999998
54,41,1738.6209999999996
54,42,1309.5859999999998
54,43,604.934
54,44,261.46000000000004
54,45,969.1870000000001
54,46,496.918
54,47,1124.109
54,48,3804.3680000000004
54,49,2245.638
54,50,1943.737
54,51,1777.6670000000001
54,52,1424.371
54,53,1247.844
54,54,0.0
54,55,653.7570000000001
54,56,1286.5220000000002
54,57,1645.719
54,58,4204.243
54,59,3630.6680000000006
54,60,4093.6910000000007
54,61,3918.033000000001
54,62,4359.324000000001
54,63,3328.9940000000006
54,64,4251.603000000001
54,65,2282.6620000000003
55,1,1705.448
55,2,2043.499
55,3,2549.0409999999997
55,4,1687.334
55,5,2027.209
55,6,1994.701
55,7,1703.187
55,8,1190.366
55,9,1509.3400000000001
55,10,2832.5000000000005
55,11,677.152
55,12,3305.258
55,13,2955.5389999999998
55,14,3602.2839999999997
55,15,3221.47
55,16,1532.172
55,17,2038.658
55,18,2814.857
55,19,2153.3720000000003
55,20,2147.784
55,21,3324.332
55,22,2127.29
55,23,2971.339
55,24,2454.615
55,25,2895.016
55,26,3307.332
55,27,4410.43
55,28,4397.426
55,29,5458.433999999999
55,30,3427.9669999999996
55,31,3478.79
55,32,3646.2509999999997
55,33,4042.071
55,34,2622.015
55,35,2191.701
55,36,3711.3779999999997
55,37,4390.0
55,38,3491.9309999999996
55,39,3323.2149999999997
55,40,2230.68
55,41,2260.5040000000004
55,42,1831.469
55,43,1099.285
55,44,392.29699999999997
55,45,604.7549999999999
55,46,1062.396
55,47,1372.688
55,48,4369.846
55,49,1928.5500000000002
55,50,2230.451
55,51,2417.818
55,52,2064.522
55,53,1887.995
55,54,653.7570000000001
55,55,0.0
55,56,900.245
55,57,2285.87
55,58,4769.721
55,59,4196.146
55,60,4659.169000000001
55,61,4483.511
55,62,4924.802000000001
55,63,3894.4719999999998
55,64,4817.081000000001
55,65,2922.813
56,1,2365.699
56,2,1589.44
56,3,2094.982
56,4,2347.585
56,5,1573.15
56,6,2656.902
56,7,1249.1280000000002
56,8,736.307
56,9,2171.541
56,10,2378.4410000000003
56,11,223.093
56,12,2702.7210000000005
56,13,3615.79
56,14,4169.961
56,15,3746.231
56,16,1078.113
56,17,1584.5990000000002
56,18,2360.7980000000002
56,19,1928.806
56,20,2808.0350000000003
56,21,2870.273
56,22,2787.541
56,23,2517.28
56,24,2000.556
56,25,2761.761
56,26,2853.273
56,27,4987.204
56,28,4974.2
56,29,6026.111
56,30,2973.908
56,31,3448.429
56,32,3192.192
56,33,3588.012
56,34,2167.956
56,35,1737.642
56,36,4279.055
56,37,4653.659000000001
56,38,4016.692
56,39,3983.466
56,40,2892.881
56,41,2922.7050000000004
56,42,2493.67
56,43,1761.4860000000003
56,44,1052.548
56,45,1266.9560000000001
56,46,1722.6469999999997
56,47,2034.8890000000001
56,48,4780.496
56,49,1326.0130000000001
56,50,1627.9140000000002
56,51,1963.7590000000002
56,52,1610.4630000000002
56,53,1433.9360000000001
56,54,1286.522
56,55,900.2450000000001
56,56,0.0
56,57,1831.8110000000001
56,58,5337.398
56,59,4763.823
56,60,5226.8460000000005
56,61,5051.188
56,62,5492.479
56,63,4462.149
56,64,5384.758000000001
56,65,2468.754
57,1,1599.9450000000002
57,2,772.1400000000001
57,3,263.171
57,4,1658.7570000000003
57,5,788.4300000000001
57,6,2563.595
57,7,582.683
57,8,1095.504
57,9,2633.1759999999995
57,10,1642.915
57,11,1608.7179999999998
57,12,2941.712
57,13,2809.312
57,14,3352.661
57,15,2928.931
57,16,756.409
57,17,247.21200000000002
57,18,1023.411
57,19,1607.1019999999999
57,20,2042.2810000000002
57,21,1048.595
57,22,2021.7870000000003
57,23,687.169
57,24,1183.256
57,25,1944.461
57,26,1065.595
57,27,4169.904
57,28,4156.900000000001
57,29,5193.969
57,30,2156.6079999999997
57,31,2631.129
57,32,2374.892
57,33,2770.712
57,34,1350.6560000000002
57,35,920.3420000000001
57,36,3461.755
57,37,3631.1440000000002
57,38,3199.392
57,39,3176.988
57,40,2327.616
57,41,2829.398
57,42,2726.8269999999998
57,43,2250.653
57,44,1907.179
57,45,2614.9059999999995
57,46,2142.6369999999997
57,47,2769.8279999999995
57,48,3757.9810000000007
57,49,1765.285
57,50,1463.384
57,51,1297.314
57,52,944.018
57,53,767.491
57,54,1645.719
57,55,2285.87
57,56,1831.811
57,57,0.0
57,58,4505.256
57,59,3931.6810000000005
57,60,4409.546000000001
57,61,4233.888000000001
57,62,4675.179000000001
57,63,3644.849
57,64,4567.458000000001
57,65,1327.685
58,1,3102.724
58,2,3747.9579999999996
58,3,4220.337
58,4,3084.61
58,5,3764.2479999999996
58,6,3989.448
58,7,5066.191000000001
58,8,4601.090999999999
58,9,4474.809
58,10,5585.901
58,11,5114.304999999999
58,12,6884.698
58,13,1814.1820000000002
58,14,1167.4370000000001
58,15,1591.1670000000001
58,16,4259.285
58,17,4730.720000000001
58,18,4966.396999999999
58,19,3550.648
58,20,2623.6540000000005
58,21,3434.9130000000005
58,22,2644.1480000000006
58,23,3796.3390000000004
58,24,3444.8560000000007
58,25,2679.0330000000004
58,26,3417.9130000000005
58,27,765.2420000000001
58,28,752.238
58,29,688.713
58,30,2363.4900000000002
58,31,1888.969
58,32,2145.206
58,33,2541.0260000000003
58,34,3280.5440000000003
58,35,3599.756
58,36,1058.343
58,37,1722.0590000000002
58,38,1861.6280000000002
58,39,1446.506
58,40,3753.469
58,41,4255.250999999999
58,42,4152.68
58,43,4218.656
58,44,4467.914000000001
58,45,4582.909
58,46,4110.64
58,47,4611.461
58,48,747.2750000000001
58,49,6248.7930000000015
58,50,5946.892000000002
58,51,5775.665999999999
58,52,5427.526000000001
58,53,5250.999000000001
58,54,4206.454000000001
58,55,4820.005
58,56,5337.397999999999
58,57,4483.508000000001
58,58,0.0
58,59,573.575
58,60,192.404
58,61,368.062
58,62,734.511
58,63,957.1009999999999
58,64,354.961
58,65,5270.670999999999
59,1,2529.1489999999994
59,2,3174.383
59,3,3646.7619999999997
59,4,2511.0349999999994
59,5,3190.673
59,6,3415.872999999999
59,7,4492.616
59,8,4027.516
59,9,3901.233999999999
59,10,5012.325999999999
59,11,4540.7300000000005
59,12,6311.123
59,13,1240.607
59,14,593.8620000000001
59,15,1017.5920000000001
59,16,3685.71
59,17,4157.1449999999995
59,18,4392.821999999999
59,19,2977.0729999999994
59,20,2050.0789999999997
59,21,2861.3379999999997
59,22,2070.573
59,23,3222.7639999999997
59,24,2871.281
59,25,2105.458
59,26,2844.3379999999997
59,27,1338.817
59,28,1325.813
59,29,1262.288
59,30,1789.915
59,31,1315.394
59,32,1571.6309999999999
59,33,1967.451
59,34,2706.969
59,35,3026.1809999999996
59,36,484.76800000000003
59,37,1148.484
59,38,1288.053
59,39,872.931
59,40,3179.8939999999993
59,41,3681.6759999999995
59,42,3579.104999999999
59,43,3645.080999999999
59,44,3894.3389999999995
59,45,4009.333999999999
59,46,3537.0649999999996
59,47,4037.885999999999
59,48,173.7
59,49,5675.218000000001
59,50,5373.317000000001
59,51,5202.090999999999
59,52,4853.951
59,53,4677.424
59,54,3632.8789999999995
59,55,4246.429999999999
59,56,4763.823
59,57,3909.9329999999995
59,58,573.575
59,59,0.0
59,60,765.979
59,61,941.6370000000001
59,62,1308.086
59,63,886.0500000000001
59,64,928.5360000000001
59,65,4697.096
60,1,2992.1719999999996
60,2,3637.405999999999
60,3,4147.889999999999
60,4,2974.0579999999995
60,5,3653.695999999999
60,6,3878.8959999999993
60,7,4992.18
60,8,4490.538999999999
60,9,4364.256999999999
60,10,5655.895999999999
60,11,5003.752999999999
60,12,6954.692999999999
60,13,1703.6299999999999
60,14,1056.8849999999998
60,15,1480.6149999999998
60,16,4148.732999999999
60,17,4656.709
60,18,5036.391999999999
60,19,3440.0959999999995
60,20,2513.102
60,21,3372.8769999999995
60,22,2533.596
60,23,3723.8919999999994
60,24,3334.304
60,25,2568.4809999999998
60,26,3355.8769999999995
60,27,572.8380000000001
60,28,559.8340000000001
60,29,856.808
60,30,2252.9379999999996
60,31,1778.4169999999997
60,32,2034.6539999999995
60,33,2430.4739999999997
60,34,3169.9919999999997
60,35,3489.2039999999993
60,36,1165.9789999999998
60,37,1914.4630000000002
60,38,1751.0759999999998
60,39,1335.9539999999997
60,40,3642.9169999999995
60,41,4144.699
60,42,4042.1279999999992
60,43,4108.103999999999
60,44,4357.361999999999
60,45,4472.356999999999
60,46,4000.0879999999997
60,47,4500.908999999999
60,48,939.6790000000001
60,49,6174.782000000001
60,50,5872.881000000001
60,51,5706.811000000001
60,52,5353.515
60,53,5176.988
60,54,4095.9019999999996
60,55,4709.4529999999995
60,56,5226.845999999999
60,57,4409.496999999999
60,58,192.404
60,59,765.979
60,60,0.0
60,61,175.65800000000002
60,62,616.9490000000001
60,63,764.6969999999999
60,64,162.557
60,65,5340.665999999999
61,1,2816.514
61,2,3461.7479999999996
61,3,3972.2319999999995
61,4,2798.4
61,5,3478.0379999999996
61,6,3703.238
61,7,4816.522000000001
61,8,4314.880999999999
61,9,4188.598999999999
61,10,5480.237999999999
61,11,4828.094999999999
61,12,6779.035
61,13,1527.972
61,14,881.227
61,15,1304.9569999999999
61,16,3973.075
61,17,4481.051
61,18,4860.733999999999
61,19,3264.438
61,20,2337.444
61,21,3197.2189999999996
61,22,2357.938
61,23,3548.2339999999995
61,24,3158.6459999999997
61,25,2392.823
61,26,3180.2189999999996
61,27,397.18
61,28,384.176
61,29,1027.8210000000001
61,30,2077.2799999999997
61,31,1602.7589999999998
61,32,1858.9959999999996
61,33,2254.816
61,34,2994.334
61,35,3313.5459999999994
61,36,990.3209999999999
61,37,2090.121
61,38,1575.418
61,39,1160.2959999999998
61,40,3467.259
61,41,3969.041
61,42,3866.47
61,43,3932.446
61,44,4181.704
61,45,4296.699
61,46,3824.4300000000003
61,47,4325.250999999999
61,48,1115.337
61,49,5999.124000000002
61,50,5697.223000000002
61,51,5531.153000000001
61,52,5177.857000000001
61,53,5001.330000000001
61,54,3920.244
61,55,4533.795
61,56,5051.187999999999
61,57,4233.839
61,58,368.062
61,59,941.6370000000001
61,60,175.65800000000002
61,61,0.0
61,62,441.291
61,63,589.039
61,64,333.57000000000005
61,65,5165.007999999999
62,1,3246.0209999999997
62,2,3903.0389999999998
62,3,4413.522999999999
62,4,3227.9069999999997
62,5,3919.3289999999997
62,6,4132.745
62,7,5257.813
62,8,4756.172
62,9,4618.106
62,10,5921.528999999999
62,11,5269.3859999999995
62,12,7220.325999999999
62,13,1957.4789999999998
62,14,1322.518
62,15,1746.248
62,16,4414.366
62,17,4922.342000000001
62,18,5302.024999999999
62,19,3693.9449999999997
62,20,2766.951
62,21,3638.5099999999998
62,22,2787.445
62,23,3989.5249999999996
62,24,3588.1530000000002
62,25,2822.33
62,26,3621.5099999999998
62,27,518.371
62,28,531.375
62,29,643.2239999999999
62,30,2518.571
62,31,2044.05
62,32,2300.287
62,33,2696.107
62,34,3423.841
62,35,3754.8369999999995
62,36,1431.612
62,37,2456.57
62,38,2016.709
62,39,1601.587
62,40,3896.7659999999996
62,41,4398.548
62,42,4295.977
62,43,4361.9529999999995
62,44,4611.211
62,45,4726.205999999999
62,46,4253.937
62,47,4754.758
62,48,1481.786
62,49,6440.415000000001
62,50,6138.514000000001
62,51,5972.444
62,52,5619.148
62,53,5442.621
62,54,4349.751
62,55,4963.302
62,56,5492.478999999999
62,57,4675.13
62,58,734.511
62,59,1308.086
62,60,616.9490000000001
62,61,441.291
62,62,0.0
62,63,1030.33
62,64,468.37699999999995
62,65,5606.298999999999
63,1,2227.475
63,2,2872.709
63,3,3383.1929999999998
63,4,2209.361
63,5,2888.999
63,6,3114.1989999999996
63,7,4227.483
63,8,3725.842
63,9,3599.5599999999995
63,10,4891.1990000000005
63,11,4239.0560000000005
63,12,6189.996000000001
63,13,938.933
63,14,292.188
63,15,715.918
63,16,3384.036
63,17,3892.0119999999997
63,18,4271.695
63,19,2675.3990000000003
63,20,1748.405
63,21,2608.18
63,22,1768.899
63,23,2959.1949999999997
63,24,2569.607
63,25,1803.784
63,26,2591.18
63,27,525.055
63,28,512.0509999999999
63,29,1616.86
63,30,1488.241
63,31,1013.72
63,32,1269.9569999999999
63,33,1665.777
63,34,2405.295
63,35,2724.5069999999996
63,36,401.282
63,37,1924.9299999999998
63,38,986.3789999999999
63,39,571.257
63,40,2878.22
63,41,3380.002
63,42,3277.4309999999996
63,43,3343.407
63,44,3592.665
63,45,3707.66
63,46,3235.391
63,47,3736.2119999999995
63,48,1059.75
63,49,5410.085000000001
63,50,5108.184000000001
63,51,4942.1140000000005
63,52,4588.818
63,53,4412.291
63,54,3331.205
63,55,3944.756
63,56,4462.149
63,57,3644.7999999999997
63,58,957.101
63,59,886.0500000000001
63,60,764.697
63,61,589.039
63,62,1030.33
63,63,0.0
63,64,922.6089999999999
63,65,4575.969
64,1,3154.7290000000003
64,2,3799.9629999999997
64,3,4310.446999999999
64,4,3136.6150000000002
64,5,3816.2529999999997
64,6,4041.453
64,7,5154.737000000001
64,8,4653.096
64,9,4526.814
64,10,5818.4529999999995
64,11,5166.3099999999995
64,12,7117.25
64,13,1866.1870000000001
64,14,1219.442
64,15,1643.172
64,16,4311.29
64,17,4819.2660000000005
64,18,5198.948999999999
64,19,3602.6530000000002
64,20,2675.659
64,21,3535.4339999999997
64,22,2696.1530000000002
64,23,3886.4489999999996
64,24,3496.861
64,25,2731.038
64,26,3518.4339999999997
64,27,438.46
64,28,451.464
64,29,694.251
64,30,2415.495
64,31,1940.974
64,32,2197.211
64,33,2593.031
64,34,3332.549
64,35,3651.7609999999995
64,36,1328.536
64,37,2065.441
64,38,1913.633
64,39,1498.511
64,40,3805.474
64,41,4307.255999999999
64,42,4204.685
64,43,4270.661
64,44,4519.919000000001
64,45,4634.914
64,46,4162.645
64,47,4663.466
64,48,1090.657
64,49,6337.339000000002
64,50,6035.438000000002
64,51,5869.368000000001
64,52,5516.072000000001
64,53,5339.545000000001
64,54,4258.459000000001
64,55,4872.01
64,56,5389.402999999999
64,57,4572.054
64,58,343.38199999999995
64,59,916.957
64,60,162.557
64,61,338.21500000000003
64,62,469.77799999999996
64,63,927.2539999999999
64,64,0.0
64,65,5503.222999999999
65,1,3377.769
65,2,2549.964
65,3,2040.995
65,4,3404.518
65,5,2559.331
65,6,3755.4800000000005
65,7,1219.626
65,8,1732.4470000000001
65,9,3270.1190000000006
65,10,315.23
65,11,2245.661
65,12,1614.027
65,13,4456.773999999999
65,14,4988.233
65,15,4564.503
65,16,2064.294
65,17,1555.097
65,18,1014.0939999999999
65,19,2914.9869999999996
65,20,3741.436
65,21,2672.241
65,22,3720.942
65,23,2384.341
65,24,2961.08
65,25,3591.923
65,26,2689.241
65,27,5805.476
65,28,5792.472
65,29,6683.338999999999
65,30,3792.18
65,31,4266.701
65,32,4010.464
65,33,4406.284
65,34,3128.48
65,35,2698.166
65,36,5097.327
65,37,5120.514
65,38,4834.964
65,39,4824.449999999999
65,40,3991.4590000000003
65,41,4021.283000000001
65,42,3592.2480000000005
65,43,2887.5960000000005
65,44,2544.1220000000003
65,45,3251.849
65,46,2779.5800000000004
65,47,3406.7710000000006
65,48,5247.351
65,49,1332.366
65,50,1030.465
65,51,504.995
65,52,1211.345
65,53,1034.818
65,54,2282.6620000000003
65,55,2922.813
65,56,2468.754
65,57,1802.309
65,58,5994.625999999999
65,59,5421.0509999999995
65,60,6045.118
65,61,5869.46
65,62,6310.751
65,63,5280.421
65,64,6203.030000000001
65,65,0.0
